
USE `akura`;


/*!40014 SET FOREIGN_KEY_CHECKS=0 */;

--
-- Dumping data for table `PAGE`
--

LOCK TABLES `PAGE` WRITE;
/*!40000 ALTER TABLE `PAGE` DISABLE KEYS */;
INSERT INTO `PAGE` (PAGE_ID,NAME,URL,TAB_ID,INDEX_NO,MODIFIED_TIME) VALUES (82,'Manage Race','manageRace.htm',26,36,'2012-09-04 07:16:13'),(83,'Manage Staff Service  Category','manageStaffServiceCategory.htm',26,37,'2012-09-04 07:16:13'),(84,'Manage Appointment Nature','manageAppointmentNature.htm',26,38,'2012-09-04 07:16:13'),(85,'Manage Appointment Classification','manageAppointmentClassification.htm',26,39,'2012-09-04 07:16:13'),(86,'Manage Civil Status','manageCivilStatus.htm',26,40,'2012-09-04 07:16:13'),(87,'Manage Countries','manageCountry.htm',26,41,'2012-09-04 07:16:13'),(88,'Manage Sections','manageSection.htm',26,42,'2012-09-04 07:16:13'),(89,'Manage Staff Leave Type','manageStaffLeave Types.htm',26,43,'2012-09-04 07:16:13'),(90,'Manage Warning Level','manageWarningLevel.htm',26,44,'2012-09-04 07:16:13'),(91,'Manage Cities','manageCity.htm',26,45,'2012-09-04 07:16:13');
/*!40000 ALTER TABLE `PAGE` ENABLE KEYS */;
UNLOCK TABLES;


--
-- Dumping data for table `PRIVILEGE`
--

LOCK TABLES `PRIVILEGE` WRITE;
/*!40000 ALTER TABLE `PRIVILEGE` DISABLE KEYS */;
INSERT INTO `PRIVILEGE` (PRIVILEGE_ID,NAME,PAGE_ID,MODIFIED_TIME) VALUES (257,'View Race Page',82,'2012-09-04 07:17:16'),(258,'Add/Edit Race',82,'2012-09-04 07:17:16'),(259,'Delete Race',82,'2012-09-04 07:17:16'),(260,'View Manage Staff Service Category Page',83,'2012-09-04 07:17:16'),(261,'Save/Update Staff Service Category',83,'2012-09-04 07:17:16'),(262,'Delete Staff Service Category',83,'2012-09-04 07:17:16'),(263,'View Appointment Nature Page',84,'2012-09-04 07:17:16'),(264,'Add/Edit Appointment Nature',84,'2012-09-04 07:17:16'),(265,'Delete Appointment Nature',84,'2012-09-04 07:17:16'),(266,'View AppointmentClassification Page',85,'2012-09-04 07:17:16'),(267,'Add/Edit AppointmentClassification',85,'2012-09-04 07:17:16'),(268,'Delete AppointmentClassification',85,'2012-09-04 07:17:16'),(269,'View Manage Civil Status Page',86,'2012-09-04 07:17:16'),(270,'Save/Update Civil Status',86,'2012-09-04 07:17:16'),(271,'Delete Civil Status',86,'2012-09-04 07:17:16'),(272,'View Manage Country page',87,'2012-09-04 07:17:16'),(273,'Search countries',87,'2012-09-04 07:17:16'),(274,'Add/Edit Country',87,'2012-09-04 07:17:16'),(275,'Delete Country',87,'2012-09-04 07:17:16'),(276,'View Manage Sections page',88,'2012-09-04 07:17:16'),(277,'Save or Update a Section',88,'2012-09-04 07:17:16'),(278,'Delete a Section',88,'2012-09-04 07:17:16'),(279,'View Staff Leave Type Page',89,'2012-09-04 07:17:16'),(280,'Add/Edit Staff Leave Type',89,'2012-09-04 07:17:16'),(281,'Delete Staff Leave Type',89,'2012-09-04 07:17:16'),(282,'View Warning Level Page',90,'2012-09-04 07:17:16'),(283,'Add/Edit Warning Level',90,'2012-09-04 07:17:16'),(284,'Delete Warning Level',90,'2012-09-04 07:17:16'),(285,'View Manage Cities page',91,'2012-09-04 07:17:16'),(286,'Search Cities',91,'2012-09-04 07:17:16'),(287,'Add/Edit City',91,'2012-09-04 07:17:16'),(288,'Delete City',91,'2012-09-04 07:17:16'),(289,'Print Student Report Card',10,'2012-09-04 07:17:16'),(290,'Terminate Staff Member',1,'2012-09-04 07:17:16'),(291,'View Staff Service',1,'2012-09-04 07:17:16');
/*!40000 ALTER TABLE `PRIVILEGE` ENABLE KEYS */;
UNLOCK TABLES;


--
-- Dumping data for table `ROLE_PRIVILEGE`
--

LOCK TABLES `ROLE_PRIVILEGE` WRITE;
/*!40000 ALTER TABLE `ROLE_PRIVILEGE` DISABLE KEYS */;
INSERT INTO `ROLE_PRIVILEGE` (USER_ROLE_ID,PRIVILEGE_ID,MODIFIED_TIME) VALUES (1,257,'2012-09-04 07:17:45'),(1,258,'2012-09-04 07:17:45'),(1,259,'2012-09-04 07:17:45'),(1,260,'2012-09-04 07:17:45'),(1,261,'2012-09-04 07:17:45'),(1,262,'2012-09-04 07:17:45'),(1,263,'2012-09-04 07:17:45'),(1,264,'2012-09-04 07:17:45'),(1,265,'2012-09-04 07:17:45'),(1,266,'2012-09-04 07:17:45'),(1,267,'2012-09-04 07:17:45'),(1,268,'2012-09-04 07:17:45'),(1,269,'2012-09-04 07:17:45'),(1,270,'2012-09-04 07:17:45'),(1,271,'2012-09-04 07:17:45'),(1,272,'2012-09-04 07:17:45'),(1,273,'2012-09-04 07:17:45'),(1,274,'2012-09-04 07:17:45'),(1,275,'2012-09-04 07:17:45'),(1,276,'2012-09-04 07:17:45'),(1,277,'2012-09-04 07:17:45'),(1,278,'2012-09-04 07:17:45'),(1,279,'2012-09-04 07:17:45'),(1,280,'2012-09-04 07:17:45'),(1,281,'2012-09-04 07:17:45'),(1,282,'2012-09-04 07:17:45'),(1,283,'2012-09-04 07:17:45'),(1,284,'2012-09-04 07:17:45'),(1,285,'2012-09-04 07:17:45'),(1,286,'2012-09-04 07:17:45'),(1,287,'2012-09-04 07:17:45'),(1,288,'2012-09-04 07:17:45'),(1,289,'2012-09-04 07:17:45'),(1,290,'2012-09-04 07:17:45'),(1,291,'2012-09-04 07:17:45');
/*!40000 ALTER TABLE `ROLE_PRIVILEGE` ENABLE KEYS */;
UNLOCK TABLES;


--
-- Dumping data for table `PRIVILEGE_DEPENDENCY`
--

LOCK TABLES `PRIVILEGE_DEPENDENCY` WRITE;
/*!40000 ALTER TABLE `PRIVILEGE_DEPENDENCY` DISABLE KEYS */;
INSERT INTO `PRIVILEGE_DEPENDENCY` (PRIVILEGE_ID,DEPENDENCY_ID,MODIFIED_TIME) VALUES (257,74,'2012-09-04 07:18:48'),(258,74,'2012-09-04 07:18:48'),(258,257,'2012-09-04 07:18:48'),(259,74,'2012-09-04 07:18:48'),(259,257,'2012-09-04 07:18:48'),(260,74,'2012-09-04 07:18:48'),(261,74,'2012-09-04 07:18:48'),(261,260,'2012-09-04 07:18:48'),(262,74,'2012-09-04 07:18:48'),(262,260,'2012-09-04 07:18:48'),(263,74,'2012-09-04 07:18:48'),(264,74,'2012-09-04 07:18:48'),(264,263,'2012-09-04 07:18:48'),(265,74,'2012-09-04 07:18:48'),(265,263,'2012-09-04 07:18:48'),(266,74,'2012-09-04 07:18:48'),(267,74,'2012-09-04 07:18:48'),(267,266,'2012-09-04 07:18:48'),(268,74,'2012-09-04 07:18:48'),(268,266,'2012-09-04 07:18:48'),(269,74,'2012-09-04 07:18:48'),(270,74,'2012-09-04 07:18:48'),(270,269,'2012-09-04 07:18:48'),(271,74,'2012-09-04 07:18:48'),(271,269,'2012-09-04 07:18:48'),(272,74,'2012-09-04 07:18:48'),(273,74,'2012-09-04 07:18:48'),(273,272,'2012-09-04 07:18:48'),(274,74,'2012-09-04 07:18:48'),(274,272,'2012-09-04 07:18:48'),(275,74,'2012-09-04 07:18:48'),(275,272,'2012-09-04 07:18:48'),(275,273,'2012-09-04 07:18:48'),(276,74,'2012-09-04 07:18:48'),(277,74,'2012-09-04 07:18:48'),(277,276,'2012-09-04 07:18:48'),(278,74,'2012-09-04 07:18:48'),(278,276,'2012-09-04 07:18:48'),(279,74,'2012-09-04 07:18:48'),(280,74,'2012-09-04 07:18:48'),(280,280,'2012-09-04 07:18:48'),(281,74,'2012-09-04 07:18:48'),(281,280,'2012-09-04 07:18:48'),(282,74,'2012-09-04 07:18:48'),(283,74,'2012-09-04 07:18:48'),(283,282,'2012-09-04 07:18:48'),(284,74,'2012-09-04 07:18:48'),(284,282,'2012-09-04 07:18:48'),(285,74,'2012-09-04 07:18:48'),(286,74,'2012-09-04 07:18:48'),(286,285,'2012-09-04 07:18:48'),(287,74,'2012-09-04 07:18:48'),(287,285,'2012-09-04 07:18:48'),(288,74,'2012-09-04 07:18:48'),(288,285,'2012-09-04 07:18:48'),(288,286,'2012-09-04 07:18:48'),(289,28,'2012-09-04 07:18:48'),(289,29,'2012-09-04 07:18:48'),(289,32,'2012-09-04 07:18:48'),(290,1,'2012-09-04 07:18:48'),(291,1,'2012-09-04 07:18:48');
/*!40000 ALTER TABLE `PRIVILEGE_DEPENDENCY` ENABLE KEYS */;
UNLOCK TABLES;

/*!40014 SET FOREIGN_KEY_CHECKS=1 */;



