USE `akura`;

SET foreign_key_checks=0;

TRUNCATE TABLE `MODULE`;
TRUNCATE TABLE `TAB`;
TRUNCATE TABLE `PAGE`;
TRUNCATE TABLE `PRIVILEGE`;
TRUNCATE TABLE `PRIVILEGE_DEPENDENCY`;
TRUNCATE TABLE `ROLE_TAB`;
TRUNCATE TABLE `ROLE_PRIVILEGE`;

--
-- Dumping data for table `ROLE_PRIVILEGE`
--

LOCK TABLES `ROLE_PRIVILEGE` WRITE;
/*!40000 ALTER TABLE `ROLE_PRIVILEGE` DISABLE KEYS */;
INSERT INTO `ROLE_PRIVILEGE` VALUES (1,1,184,'2012-07-11 09:11:31'),(2,1,221,'2012-07-11 09:11:31'),(3,1,119,'2012-07-11 09:11:31'),(4,1,83,'2012-07-11 09:11:31'),(5,1,12,'2012-07-11 09:11:31'),(6,1,75,'2012-07-11 09:11:31'),(7,1,177,'2012-07-11 09:11:31'),(8,1,162,'2012-07-11 09:11:31'),(9,1,58,'2012-07-11 09:11:31'),(10,1,125,'2012-07-11 09:11:31'),(11,1,66,'2012-07-11 09:11:31'),(12,1,55,'2012-07-11 09:11:31'),(13,1,21,'2012-07-11 09:11:31'),(14,1,57,'2012-07-11 09:11:31'),(15,1,153,'2012-07-11 09:11:31'),(16,1,189,'2012-07-11 09:11:31'),(17,1,67,'2012-07-11 09:11:31'),(18,1,160,'2012-07-11 09:11:31'),(19,1,116,'2012-07-11 09:11:31'),(20,1,102,'2012-07-11 09:11:31'),(21,1,98,'2012-07-11 09:11:31'),(22,1,109,'2012-07-11 09:11:31'),(23,1,30,'2012-07-11 09:11:31'),(24,1,60,'2012-07-11 09:11:31'),(25,1,5,'2012-07-11 09:11:31'),(26,1,36,'2012-07-11 09:11:31'),(27,1,94,'2012-07-11 09:11:31'),(28,1,75,'2012-07-11 09:11:31'),(29,1,52,'2012-07-11 09:11:31'),(30,1,108,'2012-07-11 09:11:31'),(31,1,206,'2012-07-11 09:11:31'),(32,1,136,'2012-07-11 09:11:31'),(33,1,182,'2012-07-11 09:11:31'),(34,1,17,'2012-07-11 09:11:31'),(35,1,220,'2012-07-11 09:11:31'),(36,1,71,'2012-07-11 09:11:31'),(37,1,23,'2012-07-11 09:11:31'),(38,1,183,'2012-07-11 09:11:31'),(39,1,166,'2012-07-11 09:11:31'),(40,1,124,'2012-07-11 09:11:31'),(41,1,83,'2012-07-11 09:11:31'),(42,1,188,'2012-07-11 09:11:31'),(43,1,142,'2012-07-11 09:11:31'),(44,1,60,'2012-07-11 09:11:31'),(45,1,7,'2012-07-11 09:11:31'),(46,1,26,'2012-07-11 09:11:31'),(47,1,125,'2012-07-11 09:11:31'),(48,1,79,'2012-07-11 09:11:31'),(49,1,145,'2012-07-11 09:11:31'),(50,1,79,'2012-07-11 09:11:31'),(51,1,5,'2012-07-11 09:11:31'),(52,1,121,'2012-07-11 09:11:31'),(53,1,167,'2012-07-11 09:11:31'),(54,1,168,'2012-07-11 09:11:31'),(55,1,113,'2012-07-11 09:11:31'),(56,1,95,'2012-07-11 09:11:31'),(57,1,92,'2012-07-11 09:11:31'),(58,1,54,'2012-07-11 09:11:31'),(59,1,204,'2012-07-11 09:11:31'),(60,1,62,'2012-07-11 09:11:31'),(61,1,46,'2012-07-11 09:11:31'),(62,1,33,'2012-07-11 09:11:31'),(63,1,56,'2012-07-11 09:11:31'),(64,1,25,'2012-07-11 09:11:31'),(65,1,98,'2012-07-11 09:11:31'),(66,1,160,'2012-07-11 09:11:31'),(67,1,196,'2012-07-11 09:11:31'),(68,1,214,'2012-07-11 09:11:31'),(69,1,163,'2012-07-11 09:11:31'),(70,1,131,'2012-07-11 09:11:31'),(71,1,169,'2012-07-11 09:11:31'),(72,1,34,'2012-07-11 09:11:31'),(73,1,82,'2012-07-11 09:11:31'),(74,1,163,'2012-07-11 09:11:31'),(75,1,228,'2012-07-11 09:11:31'),(76,1,136,'2012-07-11 09:11:31'),(77,1,234,'2012-07-11 09:11:31'),(78,1,207,'2012-07-11 09:11:31'),(79,1,80,'2012-07-11 09:11:31'),(80,1,47,'2012-07-11 09:11:31'),(81,1,190,'2012-07-11 09:11:31'),(82,1,238,'2012-07-11 09:11:31'),(83,1,139,'2012-07-11 09:11:31'),(84,1,181,'2012-07-11 09:11:31'),(85,1,67,'2012-07-11 09:11:31'),(86,1,109,'2012-07-11 09:11:31'),(87,1,192,'2012-07-11 09:11:31'),(88,1,112,'2012-07-11 09:11:31'),(89,1,55,'2012-07-11 09:11:31'),(90,1,172,'2012-07-11 09:11:31'),(91,1,70,'2012-07-11 09:11:31'),(92,1,51,'2012-07-11 09:11:31'),(93,1,122,'2012-07-11 09:11:31'),(94,1,156,'2012-07-11 09:11:31'),(95,1,205,'2012-07-11 09:11:31'),(96,1,139,'2012-07-11 09:11:31'),(97,1,243,'2012-07-11 09:11:31'),(98,1,214,'2012-07-11 09:11:31'),(99,1,4,'2012-07-11 09:11:31'),(100,1,118,'2012-07-11 09:11:31'),(101,1,22,'2012-07-11 09:11:31'),(102,1,140,'2012-07-11 09:11:31'),(103,1,151,'2012-07-11 09:11:31'),(104,1,179,'2012-07-11 09:11:31'),(105,1,68,'2012-07-11 09:11:31'),(106,1,103,'2012-07-11 09:11:31'),(107,1,99,'2012-07-11 09:11:31'),(108,1,31,'2012-07-11 09:11:31'),(109,1,157,'2012-07-11 09:11:31'),(110,1,6,'2012-07-11 09:11:31'),(111,1,107,'2012-07-11 09:11:31'),(112,1,176,'2012-07-11 09:11:31'),(113,1,209,'2012-07-11 09:11:31'),(114,1,173,'2012-07-11 09:11:31'),(115,1,37,'2012-07-11 09:11:31'),(116,1,20,'2012-07-11 09:11:31'),(117,1,16,'2012-07-11 09:11:31'),(118,1,166,'2012-07-11 09:11:31'),(119,1,225,'2012-07-11 09:11:31'),(120,1,174,'2012-07-11 09:11:31'),(121,1,145,'2012-07-11 09:11:31'),(122,1,32,'2012-07-11 09:11:31'),(123,1,47,'2012-07-11 09:11:31'),(124,1,18,'2012-07-11 09:11:31'),(125,1,193,'2012-07-11 09:11:31'),(126,1,199,'2012-07-11 09:11:31'),(127,1,15,'2012-07-11 09:11:31'),(128,1,35,'2012-07-11 09:11:31'),(129,1,70,'2012-07-11 09:11:31'),(130,1,220,'2012-07-11 09:11:31'),(131,1,50,'2012-07-11 09:11:31'),(132,1,89,'2012-07-11 09:11:31'),(133,1,133,'2012-07-11 09:11:31'),(134,1,27,'2012-07-11 09:11:31'),(135,1,74,'2012-07-11 09:11:31'),(136,1,175,'2012-07-11 09:11:31'),(137,1,86,'2012-07-11 09:11:31'),(138,1,41,'2012-07-11 09:11:31'),(139,1,20,'2012-07-11 09:11:31'),(140,1,164,'2012-07-11 09:11:31'),(141,1,101,'2012-07-11 09:11:31'),(142,1,74,'2012-07-11 09:11:31'),(143,1,4,'2012-07-11 09:11:31'),(144,1,24,'2012-07-11 09:11:31'),(145,1,53,'2012-07-11 09:11:31'),(146,1,187,'2012-07-11 09:11:31'),(147,1,122,'2012-07-11 09:11:31'),(148,1,209,'2012-07-11 09:11:31'),(149,1,255,'2012-07-11 09:11:31'),(150,1,231,'2012-07-11 09:11:31'),(151,1,184,'2012-07-11 09:11:31'),(152,1,44,'2012-07-11 09:11:31'),(153,1,105,'2012-07-11 09:11:31'),(154,1,48,'2012-07-11 09:11:31'),(155,1,170,'2012-07-11 09:11:31'),(156,1,72,'2012-07-11 09:11:31'),(157,1,236,'2012-07-11 09:11:31'),(158,1,113,'2012-07-11 09:11:31'),(159,1,56,'2012-07-11 09:11:31'),(160,1,223,'2012-07-11 09:11:31'),(161,1,150,'2012-07-11 09:11:31'),(162,1,108,'2012-07-11 09:11:31'),(163,1,35,'2012-07-11 09:11:31'),(164,1,9,'2012-07-11 09:11:31'),(165,1,65,'2012-07-11 09:11:31'),(166,1,210,'2012-07-11 09:11:31'),(167,1,69,'2012-07-11 09:11:31'),(168,1,12,'2012-07-11 09:11:31'),(169,1,159,'2012-07-11 09:11:31'),(170,1,96,'2012-07-11 09:11:31'),(171,1,132,'2012-07-11 09:11:31'),(172,1,175,'2012-07-11 09:11:31'),(173,1,219,'2012-07-11 09:11:31'),(174,1,44,'2012-07-11 09:11:31'),(175,1,123,'2012-07-11 09:11:31'),(176,1,238,'2012-07-11 09:11:31'),(177,1,215,'2012-07-11 09:11:31'),(178,1,111,'2012-07-11 09:11:31'),(179,1,41,'2012-07-11 09:11:31'),(180,1,24,'2012-07-11 09:11:31'),(181,1,143,'2012-07-11 09:11:31'),(182,1,180,'2012-07-11 09:11:31'),(183,1,195,'2012-07-11 09:11:31'),(184,1,149,'2012-07-11 09:11:31'),(185,1,69,'2012-07-11 09:11:31'),(186,1,217,'2012-07-11 09:11:31'),(187,1,154,'2012-07-11 09:11:31'),(188,1,208,'2012-07-11 09:11:31'),(189,1,135,'2012-07-11 09:11:31'),(190,1,104,'2012-07-11 09:11:31'),(191,1,62,'2012-07-11 09:11:31'),(192,1,148,'2012-07-11 09:11:31'),(193,1,146,'2012-07-11 09:11:31'),(194,1,110,'2012-07-11 09:11:31'),(195,1,100,'2012-07-11 09:11:31'),(196,1,97,'2012-07-11 09:11:31'),(197,1,10,'2012-07-11 09:11:31'),(198,1,85,'2012-07-11 09:11:31'),(199,1,73,'2012-07-11 09:11:31'),(200,1,229,'2012-07-11 09:11:31'),(201,1,133,'2012-07-11 09:11:31'),(202,1,64,'2012-07-11 09:11:31'),(203,1,40,'2012-07-11 09:11:31'),(204,1,203,'2012-07-11 09:11:31'),(205,1,127,'2012-07-11 09:11:31'),(206,1,76,'2012-07-11 09:11:31'),(207,1,148,'2012-07-11 09:11:31'),(208,1,38,'2012-07-11 09:11:31'),(209,1,112,'2012-07-11 09:11:31'),(210,1,25,'2012-07-11 09:11:31'),(211,1,17,'2012-07-11 09:11:31'),(212,1,71,'2012-07-11 09:11:31'),(213,1,202,'2012-07-11 09:11:31'),(214,1,201,'2012-07-11 09:11:31'),(215,1,21,'2012-07-11 09:11:31'),(216,1,59,'2012-07-11 09:11:31'),(217,1,6,'2012-07-11 09:11:31'),(218,1,128,'2012-07-11 09:11:31'),(219,1,66,'2012-07-11 09:11:31'),(220,1,116,'2012-07-11 09:11:31'),(221,1,256,'2012-07-11 09:11:31'),(222,1,11,'2012-07-11 09:11:31'),(223,1,95,'2012-07-11 09:11:31'),(224,1,211,'2012-07-11 09:11:31'),(225,1,180,'2012-07-11 09:11:31'),(226,1,157,'2012-07-11 09:11:31'),(227,1,63,'2012-07-11 09:11:31'),(228,1,105,'2012-07-11 09:11:31'),(229,1,28,'2012-07-11 09:11:31'),(230,1,1,'2012-07-11 09:11:31'),(231,1,9,'2012-07-11 09:11:31'),(232,1,101,'2012-07-11 09:11:31'),(233,1,50,'2012-07-11 09:11:31'),(234,1,169,'2012-07-11 09:11:31'),(235,1,130,'2012-07-11 09:11:31'),(236,1,227,'2012-07-11 09:11:31'),(237,1,186,'2012-07-11 09:11:31'),(238,1,144,'2012-07-11 09:11:31'),(239,1,191,'2012-07-11 09:11:31'),(240,1,165,'2012-07-11 09:11:31'),(241,1,137,'2012-07-11 09:11:31'),(242,1,224,'2012-07-11 09:11:31'),(243,1,200,'2012-07-11 09:11:31'),(244,1,151,'2012-07-11 09:11:31'),(245,1,230,'2012-07-11 09:11:31'),(246,1,87,'2012-07-11 09:11:31'),(247,1,201,'2012-07-11 09:11:31'),(248,1,84,'2012-07-11 09:11:31'),(249,1,172,'2012-07-11 09:11:31'),(250,1,161,'2012-07-11 09:11:31'),(251,1,13,'2012-07-11 09:11:31'),(252,1,89,'2012-07-11 09:11:31'),(253,1,88,'2012-07-11 09:11:31'),(254,1,142,'2012-07-11 09:11:31'),(255,1,147,'2012-07-11 09:11:31'),(256,1,29,'2012-07-11 09:11:31'),(257,1,72,'2012-07-11 09:11:31'),(258,1,129,'2012-07-11 09:11:31'),(259,1,63,'2012-07-11 09:11:31'),(260,1,3,'2012-07-11 09:11:31'),(261,1,92,'2012-07-11 09:11:31'),(262,1,152,'2012-07-11 09:11:31'),(263,1,81,'2012-07-11 09:11:31'),(264,1,73,'2012-07-11 09:11:31'),(265,1,130,'2012-07-11 09:11:31'),(266,1,185,'2012-07-11 09:11:31'),(267,1,14,'2012-07-11 09:11:31'),(268,1,8,'2012-07-11 09:11:31'),(269,1,212,'2012-07-11 09:11:31'),(270,1,78,'2012-07-11 09:11:31'),(271,1,106,'2012-07-11 09:11:31'),(272,1,57,'2012-07-11 09:11:31'),(273,1,38,'2012-07-11 09:11:31'),(274,1,176,'2012-07-11 09:11:31'),(275,1,28,'2012-07-11 09:11:31'),(276,1,213,'2012-07-11 09:11:31'),(277,1,155,'2012-07-11 09:11:31'),(278,1,242,'2012-07-11 09:11:31'),(279,1,2,'2012-07-11 09:11:31'),(280,1,1,'2012-07-11 09:11:31'),(281,1,93,'2012-07-11 09:11:31'),(282,1,120,'2012-07-11 09:11:31'),(283,1,203,'2012-07-11 09:11:31'),(284,1,61,'2012-07-11 09:11:31'),(285,1,54,'2012-07-11 09:11:31'),(286,1,197,'2012-07-11 09:11:31'),(287,1,68,'2012-07-11 09:11:31'),(288,1,49,'2012-07-11 09:11:31'),(289,1,237,'2012-07-11 09:11:31'),(290,1,126,'2012-07-11 09:11:31'),(291,1,104,'2012-07-11 09:11:31'),(292,1,134,'2012-07-11 09:11:31'),(293,1,181,'2012-07-11 09:11:31'),(294,1,43,'2012-07-11 09:11:31'),(295,1,138,'2012-07-11 09:11:31'),(296,1,16,'2012-07-11 09:11:31'),(297,1,65,'2012-07-11 09:11:31'),(298,1,216,'2012-07-11 09:11:31'),(299,1,217,'2012-07-11 09:11:31'),(300,1,32,'2012-07-11 09:11:31'),(301,1,198,'2012-07-11 09:11:31'),(302,1,115,'2012-07-11 09:11:31'),(303,1,91,'2012-07-11 09:11:31'),(304,1,158,'2012-07-11 09:11:31'),(305,1,59,'2012-07-11 09:11:31'),(306,1,42,'2012-07-11 09:11:31'),(307,1,208,'2012-07-11 09:11:31'),(308,1,114,'2012-07-11 09:11:31'),(309,1,80,'2012-07-11 09:11:31'),(310,1,77,'2012-07-11 09:11:31'),(311,1,222,'2012-07-11 09:11:31'),(312,1,86,'2012-07-11 09:11:31'),(313,1,215,'2012-07-11 09:11:31'),(314,1,76,'2012-07-11 09:11:31'),(315,1,186,'2012-07-11 09:11:31'),(316,1,141,'2012-07-11 09:11:31'),(317,1,33,'2012-07-11 09:11:31'),(318,1,212,'2012-07-11 09:11:31'),(319,1,194,'2012-07-11 09:11:31'),(320,1,256,'2012-07-11 09:11:31'),(321,1,29,'2012-07-11 09:11:31'),(322,1,39,'2012-07-11 09:11:31'),(323,1,196,'2012-07-11 09:11:31'),(324,1,119,'2012-07-11 09:11:31'),(325,1,222,'2012-07-11 09:11:31'),(326,1,178,'2012-07-11 09:11:31'),(327,1,117,'2012-07-11 09:11:31'),(328,1,90,'2012-07-11 09:11:31'),(329,1,218,'2012-07-11 09:11:31'),(330,1,127,'2012-07-11 09:11:31'),(331,1,45,'2012-07-11 09:11:31'),(332,1,19,'2012-07-11 09:11:31'),(333,1,226,'2012-07-11 09:11:31'),(334,1,211,'2012-07-11 09:11:31'),(335,1,235,'2012-07-11 09:11:31'),(336,1,154,'2012-07-11 09:11:31'),(337,1,171,'2012-07-11 09:11:31'),(338,2,54,'2012-07-11 09:11:31'),(339,2,38,'2012-07-11 09:11:31'),(340,2,58,'2012-07-11 09:11:31'),(341,2,42,'2012-07-11 09:11:31'),(342,2,1,'2012-07-11 09:11:31'),(343,2,62,'2012-07-11 09:11:31'),(344,2,52,'2012-07-11 09:11:31'),(345,2,29,'2012-07-11 09:11:31'),(346,2,56,'2012-07-11 09:11:31'),(347,2,66,'2012-07-11 09:11:31'),(348,2,67,'2012-07-11 09:11:31'),(349,2,208,'2012-07-11 09:11:31'),(350,2,55,'2012-07-11 09:11:31'),(351,2,39,'2012-07-11 09:11:31'),(352,2,186,'2012-07-11 09:11:31'),(353,2,243,'2012-07-11 09:11:31'),(354,2,60,'2012-07-11 09:11:31'),(355,2,13,'2012-07-11 09:11:31'),(356,2,210,'2012-07-11 09:11:31'),(357,2,59,'2012-07-11 09:11:31'),(358,2,194,'2012-07-11 09:11:31'),(359,2,43,'2012-07-11 09:11:31'),(360,2,73,'2012-07-11 09:11:31'),(361,2,53,'2012-07-11 09:11:31'),(362,2,29,'2012-07-11 09:11:31'),(363,2,215,'2012-07-11 09:11:31'),(364,2,69,'2012-07-11 09:11:31'),(365,2,198,'2012-07-11 09:11:31'),(366,2,60,'2012-07-11 09:11:31'),(367,2,35,'2012-07-11 09:11:31'),(368,2,4,'2012-07-11 09:11:31'),(369,2,44,'2012-07-11 09:11:31'),(370,2,34,'2012-07-11 09:11:31'),(371,2,32,'2012-07-11 09:11:31'),(372,2,46,'2012-07-11 09:11:31'),(373,2,189,'2012-07-11 09:11:31'),(374,2,66,'2012-07-11 09:11:31'),(375,2,191,'2012-07-11 09:11:31'),(376,2,28,'2012-07-11 09:11:31'),(377,2,36,'2012-07-11 09:11:31'),(378,2,215,'2012-07-11 09:11:31'),(379,2,72,'2012-07-11 09:11:31'),(380,2,196,'2012-07-11 09:11:31'),(381,2,33,'2012-07-11 09:11:31'),(382,2,62,'2012-07-11 09:11:31'),(383,2,196,'2012-07-11 09:11:31'),(384,2,54,'2012-07-11 09:11:31'),(385,2,68,'2012-07-11 09:11:31'),(386,2,57,'2012-07-11 09:11:31'),(387,2,195,'2012-07-11 09:11:31'),(388,2,56,'2012-07-11 09:11:31'),(389,2,256,'2012-07-11 09:11:31'),(390,2,238,'2012-07-11 09:11:31'),(391,2,30,'2012-07-11 09:11:31'),(392,2,47,'2012-07-11 09:11:31'),(393,2,6,'2012-07-11 09:11:31'),(394,2,255,'2012-07-11 09:11:31'),(395,2,51,'2012-07-11 09:11:31'),(396,2,47,'2012-07-11 09:11:31'),(397,2,242,'2012-07-11 09:11:31'),(398,2,237,'2012-07-11 09:11:31'),(399,2,48,'2012-07-11 09:11:31'),(400,2,41,'2012-07-11 09:11:31'),(401,2,71,'2012-07-11 09:11:31'),(402,2,37,'2012-07-11 09:11:31'),(403,2,33,'2012-07-11 09:11:31'),(404,2,216,'2012-07-11 09:11:31'),(405,2,44,'2012-07-11 09:11:31'),(406,2,12,'2012-07-11 09:11:31'),(407,2,40,'2012-07-11 09:11:31'),(408,2,197,'2012-07-11 09:11:31'),(409,2,14,'2012-07-11 09:11:31'),(410,2,71,'2012-07-11 09:11:31'),(411,2,73,'2012-07-11 09:11:31'),(412,2,200,'2012-07-11 09:11:31'),(413,2,65,'2012-07-11 09:11:31'),(414,2,208,'2012-07-11 09:11:31'),(415,2,35,'2012-07-11 09:11:31'),(416,2,41,'2012-07-11 09:11:31'),(417,2,50,'2012-07-11 09:11:31'),(418,2,188,'2012-07-11 09:11:31'),(419,2,64,'2012-07-11 09:11:31'),(420,2,256,'2012-07-11 09:11:31'),(421,2,55,'2012-07-11 09:11:31'),(422,2,209,'2012-07-11 09:11:31'),(423,2,65,'2012-07-11 09:11:31'),(424,2,49,'2012-07-11 09:11:31'),(425,2,199,'2012-07-11 09:11:31'),(426,2,70,'2012-07-11 09:11:31'),(427,2,28,'2012-07-11 09:11:31'),(428,2,214,'2012-07-11 09:11:31'),(429,2,12,'2012-07-11 09:11:31'),(430,2,187,'2012-07-11 09:11:31'),(431,2,63,'2012-07-11 09:11:31'),(432,2,61,'2012-07-11 09:11:31'),(433,2,193,'2012-07-11 09:11:31'),(434,2,57,'2012-07-11 09:11:31'),(435,2,238,'2012-07-11 09:11:31'),(436,2,186,'2012-07-11 09:11:31'),(437,2,190,'2012-07-11 09:11:31'),(438,2,45,'2012-07-11 09:11:31'),(439,2,72,'2012-07-11 09:11:31'),(440,2,59,'2012-07-11 09:11:31'),(441,2,38,'2012-07-11 09:11:31'),(442,2,214,'2012-07-11 09:11:31'),(443,2,50,'2012-07-11 09:11:31'),(444,2,69,'2012-07-11 09:11:31'),(445,2,209,'2012-07-11 09:11:31'),(446,2,31,'2012-07-11 09:11:31'),(447,2,63,'2012-07-11 09:11:31'),(448,2,68,'2012-07-11 09:11:31'),(449,2,32,'2012-07-11 09:11:31'),(450,2,9,'2012-07-11 09:11:31'),(451,3,54,'2012-07-11 09:11:31'),(452,3,38,'2012-07-11 09:11:31'),(453,3,41,'2012-07-11 09:11:31'),(454,3,55,'2012-07-11 09:11:31'),(455,3,29,'2012-07-11 09:11:31'),(456,3,47,'2012-07-11 09:11:31'),(457,3,44,'2012-07-11 09:11:31'),(458,3,32,'2012-07-11 09:11:31'),(459,3,28,'2012-07-11 09:11:31'),(460,3,35,'2012-07-11 09:11:31'),(461,3,54,'2012-07-11 09:11:31'),(462,3,32,'2012-07-11 09:11:31'),(463,3,50,'2012-07-11 09:11:31'),(464,4,11,'2012-07-11 09:11:31'),(465,4,7,'2012-07-11 09:11:31'),(466,4,10,'2012-07-11 09:11:31'),(467,4,13,'2012-07-11 09:11:31'),(468,4,3,'2012-07-11 09:11:31'),(469,4,9,'2012-07-11 09:11:31'),(470,4,236,'2012-07-11 09:11:31'),(471,4,12,'2012-07-11 09:11:31'),(472,4,14,'2012-07-11 09:11:31'),(473,4,8,'2012-07-11 09:11:31'),(474,4,6,'2012-07-11 09:11:31'),(475,4,15,'2012-07-11 09:11:31'),(476,4,4,'2012-07-11 09:11:31'),(477,4,9,'2012-07-11 09:11:31'),(478,4,4,'2012-07-11 09:11:31'),(479,4,1,'2012-07-11 09:11:31'),(480,4,5,'2012-07-11 09:11:31'),(481,4,5,'2012-07-11 09:11:31'),(482,4,2,'2012-07-11 09:11:31'),(483,4,12,'2012-07-11 09:11:31'),(484,4,1,'2012-07-11 09:11:31'),(485,4,6,'2012-07-11 09:11:31'),(486,5,251,'2012-07-11 09:11:31'),(487,5,239,'2012-07-11 09:11:31'),(488,5,244,'2012-07-11 09:11:31'),(489,5,239,'2012-07-11 09:11:31'),(490,5,252,'2012-07-11 09:11:31'),(491,5,241,'2012-07-11 09:11:31'),(492,5,250,'2012-07-11 09:11:31'),(493,5,249,'2012-07-11 09:11:31'),(494,5,251,'2012-07-11 09:11:31'),(495,5,247,'2012-07-11 09:11:31'),(496,5,245,'2012-07-11 09:11:31'),(497,5,253,'2012-07-11 09:11:31'),(498,5,246,'2012-07-11 09:11:31'),(499,5,254,'2012-07-11 09:11:31'),(500,5,240,'2012-07-11 09:11:31'),(501,5,248,'2012-07-11 09:11:31'),(502,5,240,'2012-07-11 09:11:31');
/*!40000 ALTER TABLE `ROLE_PRIVILEGE` ENABLE KEYS */;
UNLOCK TABLES;


--
-- Dumping data for table `MODULE`
--

LOCK TABLES `MODULE` WRITE;
/*!40000 ALTER TABLE `MODULE` DISABLE KEYS */;
INSERT INTO `MODULE` VALUES (1,'Staff Module','2012-07-11 05:44:30'),(2,'Student Module','2012-07-11 05:44:30'),(3,'Reference Module','2012-07-11 05:44:30'),(4,'School Module','2012-07-11 05:44:30'),(5,'Reporting Module','2012-07-11 05:44:30'),(6,'Attendance Module','2012-07-11 05:44:30'),(7,'User Management Module','2012-07-11 05:44:30'),(8,'Parent Module','2012-07-11 05:44:30');
/*!40000 ALTER TABLE `MODULE` ENABLE KEYS */;
UNLOCK TABLES;


--
-- Dumping data for table `TAB`
--

LOCK TABLES `TAB` WRITE;
/*!40000 ALTER TABLE `TAB` DISABLE KEYS */;
INSERT INTO `TAB`(TAB_ID,NAME,PARENT_TAB_ID,MODULE_ID,INDEX_NO,MODIFIED_TIME) VALUES(1,'Staff Module',NULL,1,1,'2012-07-11 05:44:34'),(2,'Staff Search',1,1,1,'2012-07-11 05:44:34'),(3,'Teacher Subject Allocation',1,1,2,'2012-07-11 05:44:34'),(4,'Class Teacher Allocation',1,1,3,'2012-07-11 05:44:34'),(5,'Section Head Allocation',1,1,4,'2012-07-11 05:44:34'),(6,'Staff Member Details',2,1,1,'2012-07-11 05:44:34'),(7,'Qualifications',2,1,2,'2012-07-11 05:44:34'),(8,'Extra Curricular',2,1,3,'2012-07-11 05:44:34'),(9,'Leave',2,1,4,'2012-07-11 05:44:34'),(10,'Student Module',NULL,2,2,'2012-07-11 05:44:34'),(11,'Student Search',10,2,1,'2012-07-11 05:44:34'),(12,'Student Details',11,2,2,'2012-07-11 05:44:34'),(13,'Religious Activities',11,2,3,'2012-07-11 05:44:34'),(14,'Academic Life',11,2,4,'2012-07-11 05:44:34'),(15,'Co-Curricular',11,2,5,'2012-07-11 05:44:34'),(16,'Discipline',11,2,6,'2012-07-11 05:44:34'),(17,'Absent',11,2,7,'2012-07-11 05:44:34'),(18,'Parent Details',11,2,8,'2012-07-11 05:44:34'),(19,'Attendance',11,2,9,'2012-07-11 05:44:34'),(20,'Message Board',11,2,10,'2012-07-11 05:44:34'),(21,'Student Class',10,2,2,'2012-07-11 05:44:34'),(22,'Student Subjects',10,2,3,'2012-07-11 05:44:34'),(23,'Student Mark Entry',10,2,4,'2012-07-11 05:44:34'),(24,'Student Exam Marks Entry',10,2,5,'2012-07-11 05:44:34'),(25,'Student Assignment Mark',10,2,6,'2012-07-11 05:44:34'),(26,'Reference Module',NULL,3,3,'2012-07-11 05:44:34'),(27,'School Module',NULL,4,4,'2012-07-11 05:44:34'),(28,'Reporting Module',NULL,5,5,'2012-07-11 05:44:34'),(29,'Student General Reports',28,5,1,'2012-07-11 05:44:34'),(30,'Student Attendance Reports',28,5,2,'2012-07-11 05:44:34'),(31,'Staff General Reports',28,5,3,'2012-07-11 05:44:34'),(32,'Staff Attendance Reports',28,5,4,'2012-07-11 05:44:34'),(33,'Attendance Module',NULL,6,6,'2012-07-11 05:44:34'),(34,'Student Attendance',33,6,1,'2012-07-11 05:44:34'),(35,'Staff Attendance',33,6,2,'2012-07-11 05:44:34'),(36,'Special Events Attendance',33,6,3,'2012-07-11 05:44:34'),(37,'User Management Module',NULL,7,7,'2012-07-11 05:44:34'),(38,'Manage User Roles',37,7,1,'2012-07-11 05:44:34'),(39,'Manage System Users',37,7,2,'2012-07-11 05:44:34'),(40,'Children',NULL,8,1,'2012-07-11 05:44:34'),(41,'Message To Teacher',40,8,11,'2012-07-11 05:44:34'),(42,'Student Details',40,8,1,'2012-07-11 05:44:34'),(43,'Religious Activities',40,8,3,'2012-07-11 05:44:34'),(44,'Academic Life',40,8,2,'2012-07-11 05:44:34'),(45,'Co-Curricular',40,8,4,'2012-07-11 05:44:34'),(46,'Discipline',40,8,5,'2012-07-11 05:44:34'),(47,'Absent',40,8,6,'2012-07-11 05:44:34'),(48,'Parent Details',40,8,7,'2012-07-11 05:44:34'),(49,'Attendance',40,8,8,'2012-07-11 05:44:34');
/*!40000 ALTER TABLE `TAB` ENABLE KEYS */;
UNLOCK TABLES;


--
-- Dumping data for table `ROLE_TAB`
--

LOCK TABLES `ROLE_TAB` WRITE;
/*!40000 ALTER TABLE `ROLE_TAB` DISABLE KEYS */;
INSERT INTO `ROLE_TAB` VALUES (1,3,1,'2012-07-11 09:10:48'),(2,34,1,'2012-07-11 09:10:48'),(3,8,1,'2012-07-11 09:10:48'),(4,22,1,'2012-07-11 09:10:48'),(5,2,1,'2012-07-11 09:10:48'),(6,32,1,'2012-07-11 09:10:48'),(7,4,1,'2012-07-11 09:10:48'),(8,33,1,'2012-07-11 09:10:48'),(9,13,1,'2012-07-11 09:10:48'),(10,38,1,'2012-07-11 09:10:48'),(11,27,1,'2012-07-11 09:10:48'),(12,18,1,'2012-07-11 09:10:48'),(13,30,1,'2012-07-11 09:10:48'),(14,24,1,'2012-07-11 09:10:48'),(15,28,1,'2012-07-11 09:10:48'),(16,24,1,'2012-07-11 09:10:48'),(17,11,1,'2012-07-11 09:10:48'),(18,3,1,'2012-07-11 09:10:48'),(19,13,1,'2012-07-11 09:10:48'),(20,22,1,'2012-07-11 09:10:48'),(21,18,1,'2012-07-11 09:10:48'),(22,16,1,'2012-07-11 09:10:48'),(23,17,1,'2012-07-11 09:10:48'),(24,19,1,'2012-07-11 09:10:48'),(25,14,1,'2012-07-11 09:10:48'),(26,34,1,'2012-07-11 09:10:48'),(27,23,1,'2012-07-11 09:10:48'),(28,2,1,'2012-07-11 09:10:48'),(29,37,1,'2012-07-11 09:10:48'),(30,11,1,'2012-07-11 09:10:48'),(31,23,1,'2012-07-11 09:10:48'),(32,20,1,'2012-07-11 09:10:48'),(33,9,1,'2012-07-11 09:10:48'),(34,38,1,'2012-07-11 09:10:48'),(35,36,1,'2012-07-11 09:10:48'),(36,7,1,'2012-07-11 09:10:48'),(37,27,1,'2012-07-11 09:10:48'),(38,5,1,'2012-07-11 09:10:48'),(39,6,1,'2012-07-11 09:10:48'),(40,25,1,'2012-07-11 09:10:48'),(41,16,1,'2012-07-11 09:10:48'),(42,21,1,'2012-07-11 09:10:48'),(43,35,1,'2012-07-11 09:10:48'),(44,26,1,'2012-07-11 09:10:48'),(45,25,1,'2012-07-11 09:10:48'),(46,17,1,'2012-07-11 09:10:48'),(47,15,1,'2012-07-11 09:10:48'),(48,26,1,'2012-07-11 09:10:48'),(49,20,1,'2012-07-11 09:10:48'),(50,29,1,'2012-07-11 09:10:48'),(51,4,1,'2012-07-11 09:10:48'),(52,5,1,'2012-07-11 09:10:48'),(53,32,1,'2012-07-11 09:10:48'),(54,21,1,'2012-07-11 09:10:48'),(55,1,1,'2012-07-11 09:10:48'),(56,9,1,'2012-07-11 09:10:48'),(57,30,1,'2012-07-11 09:10:48'),(58,39,1,'2012-07-11 09:10:48'),(59,36,1,'2012-07-11 09:10:48'),(60,29,1,'2012-07-11 09:10:48'),(61,10,1,'2012-07-11 09:10:48'),(62,8,1,'2012-07-11 09:10:48'),(63,14,1,'2012-07-11 09:10:48'),(64,31,1,'2012-07-11 09:10:48'),(65,12,1,'2012-07-11 09:10:48'),(66,35,1,'2012-07-11 09:10:48'),(67,39,1,'2012-07-11 09:10:48'),(68,12,1,'2012-07-11 09:10:48'),(69,31,1,'2012-07-11 09:10:48'),(70,6,1,'2012-07-11 09:10:48'),(71,7,1,'2012-07-11 09:10:48'),(72,15,1,'2012-07-11 09:10:48'),(73,19,1,'2012-07-11 09:10:48'),(74,1,2,'2012-07-11 09:10:48'),(75,16,2,'2012-07-11 09:10:48'),(76,7,2,'2012-07-11 09:10:48'),(77,22,2,'2012-07-11 09:10:48'),(78,34,2,'2012-07-11 09:10:48'),(79,11,2,'2012-07-11 09:10:48'),(80,15,2,'2012-07-11 09:10:48'),(81,30,2,'2012-07-11 09:10:48'),(82,18,2,'2012-07-11 09:10:48'),(83,24,2,'2012-07-11 09:10:48'),(84,36,2,'2012-07-11 09:10:48'),(85,21,2,'2012-07-11 09:10:48'),(86,9,2,'2012-07-11 09:10:48'),(87,29,2,'2012-07-11 09:10:48'),(88,25,2,'2012-07-11 09:10:48'),(89,9,2,'2012-07-11 09:10:48'),(90,33,2,'2012-07-11 09:10:48'),(91,29,2,'2012-07-11 09:10:48'),(92,17,2,'2012-07-11 09:10:48'),(93,13,2,'2012-07-11 09:10:48'),(94,2,2,'2012-07-11 09:10:48'),(95,30,2,'2012-07-11 09:10:48'),(96,15,2,'2012-07-11 09:10:48'),(97,13,2,'2012-07-11 09:10:48'),(98,2,2,'2012-07-11 09:10:48'),(99,10,2,'2012-07-11 09:10:48'),(100,12,2,'2012-07-11 09:10:48'),(101,17,2,'2012-07-11 09:10:48'),(102,28,2,'2012-07-11 09:10:48'),(103,18,2,'2012-07-11 09:10:48'),(104,6,2,'2012-07-11 09:10:48'),(105,21,2,'2012-07-11 09:10:48'),(106,34,2,'2012-07-11 09:10:48'),(107,20,2,'2012-07-11 09:10:48'),(108,14,2,'2012-07-11 09:10:48'),(109,11,2,'2012-07-11 09:10:48'),(110,19,2,'2012-07-11 09:10:48'),(111,23,2,'2012-07-11 09:10:48'),(112,23,2,'2012-07-11 09:10:48'),(113,16,2,'2012-07-11 09:10:48'),(114,12,2,'2012-07-11 09:10:48'),(115,24,2,'2012-07-11 09:10:48'),(116,14,2,'2012-07-11 09:10:48'),(117,36,2,'2012-07-11 09:10:48'),(118,25,2,'2012-07-11 09:10:48'),(119,8,2,'2012-07-11 09:10:48'),(120,20,2,'2012-07-11 09:10:48'),(121,22,2,'2012-07-11 09:10:48'),(122,19,2,'2012-07-11 09:10:48'),(123,13,3,'2012-07-11 09:10:48'),(124,11,3,'2012-07-11 09:10:48'),(125,17,3,'2012-07-11 09:10:48'),(126,12,3,'2012-07-11 09:10:48'),(127,11,3,'2012-07-11 09:10:48'),(128,19,3,'2012-07-11 09:10:48'),(129,14,3,'2012-07-11 09:10:48'),(130,18,3,'2012-07-11 09:10:48'),(131,15,3,'2012-07-11 09:10:48'),(132,10,3,'2012-07-11 09:10:48'),(133,12,3,'2012-07-11 09:10:48'),(134,19,3,'2012-07-11 09:10:48'),(135,16,3,'2012-07-11 09:10:48'),(136,6,4,'2012-07-11 09:10:48'),(137,8,4,'2012-07-11 09:10:48'),(138,7,4,'2012-07-11 09:10:48'),(139,9,4,'2012-07-11 09:10:48'),(140,6,4,'2012-07-11 09:10:48'),(141,8,4,'2012-07-11 09:10:48'),(142,2,4,'2012-07-11 09:10:48'),(143,9,4,'2012-07-11 09:10:48'),(144,2,4,'2012-07-11 09:10:48'),(145,1,4,'2012-07-11 09:10:48'),(146,7,4,'2012-07-11 09:10:48'),(147,40,5,'2012-07-11 09:10:48'),(148,41,5,'2012-07-11 09:10:48'),(149,48,5,'2012-07-11 09:10:48'),(150,40,5,'2012-07-11 09:10:48'),(151,48,5,'2012-07-11 09:10:48'),(152,49,5,'2012-07-11 09:10:48'),(153,43,5,'2012-07-11 09:10:48'),(154,47,5,'2012-07-11 09:10:48'),(155,44,5,'2012-07-11 09:10:48'),(156,46,5,'2012-07-11 09:10:48'),(157,45,5,'2012-07-11 09:10:48'),(158,41,5,'2012-07-11 09:10:48'),(159,42,5,'2012-07-11 09:10:48');
/*!40000 ALTER TABLE `ROLE_TAB` ENABLE KEYS */;
UNLOCK TABLES;


--
-- Dumping data for table `PRIVILEGE`
--

LOCK TABLES `PRIVILEGE` WRITE;
/*!40000 ALTER TABLE `PRIVILEGE` DISABLE KEYS */;
INSERT INTO `PRIVILEGE` VALUES (1,'Search Staff Members',1,'2012-07-11 05:44:42'),(2,'Delete Staff Member',1,'2012-07-11 05:44:42'),(3,'View Add New Staff Member Page',1,'2012-07-11 05:44:42'),(4,'View Staff Member Details',2,'2012-07-11 05:44:42'),(5,'Save Staff Details',2,'2012-07-11 05:44:42'),(6,'View Staff Qualification page',3,'2012-07-11 05:44:42'),(7,'Add/Edit Qualification',3,'2012-07-11 05:44:42'),(8,'Delete Qualification',3,'2012-07-11 05:44:42'),(9,'View Staff Extra Curricular page',4,'2012-07-11 05:44:42'),(10,'Add/Edit Staff Extra Curricular',4,'2012-07-11 05:44:42'),(11,'Delete Staff Extra Curricular',4,'2012-07-11 05:44:42'),(12,'View Staff Leave Page',5,'2012-07-11 05:44:42'),(13,'Add Staff Leave',5,'2012-07-11 05:44:42'),(14,'Edit Staff Leave',5,'2012-07-11 05:44:42'),(15,'Delete Staff Leave',5,'2012-07-11 05:44:42'),(16,'View Teacher Subject Allocation Page',6,'2012-07-11 05:44:42'),(17,'Search Teacher Subject Allocation',6,'2012-07-11 05:44:42'),(18,'Add/Edit Teacher Subject Allocation',6,'2012-07-11 05:44:42'),(19,'Delete Teacher Subject Allocation',6,'2012-07-11 05:44:42'),(20,'View Class Teacher Allocation Page',7,'2012-07-11 05:44:42'),(21,'Search Class Teacher Allocation',7,'2012-07-11 05:44:42'),(22,'Add/Edit Class Teacher Allocation',7,'2012-07-11 05:44:42'),(23,'Delete Class Teacher Allocation',7,'2012-07-11 05:44:42'),(24,'View Section Head Allocation Page',8,'2012-07-11 05:44:42'),(25,'Search Section Head Allocation',8,'2012-07-11 05:44:42'),(26,'Add/Edit Section Head Allocation',8,'2012-07-11 05:44:42'),(27,'Delete Section Head Allocation',8,'2012-07-11 05:44:42'),(28,'View Student Search Page',9,'2012-07-11 05:44:42'),(29,'Student Search',9,'2012-07-11 05:44:42'),(30,'Delete Student',9,'2012-07-11 05:44:42'),(31,'Add New Student',9,'2012-07-11 05:44:42'),(32,'View Student Details',10,'2012-07-11 05:44:42'),(33,'Save Student Details',10,'2012-07-11 05:44:42'),(34,'Print Student Summary',10,'2012-07-11 05:44:42'),(35,'View Student Religious Activities',11,'2012-07-11 05:44:42'),(36,'Save Religious Activity',11,'2012-07-11 05:44:42'),(37,'Delete Religious Activity',11,'2012-07-11 05:44:42'),(38,'View Student Academic Life',12,'2012-07-11 05:44:42'),(39,'Add/Edit Student Academic Data',12,'2012-07-11 05:44:42'),(40,'Delete Student Academic Data',12,'2012-07-11 05:44:42'),(41,'View Co Curricular Details',13,'2012-07-11 05:44:42'),(42,'Add/Edit Co Curricular Details',13,'2012-07-11 05:44:42'),(43,'Delete Co Curricular Details',13,'2012-07-11 05:44:42'),(44,'View Student Disciplines',14,'2012-07-11 05:44:42'),(45,'Add/Edit Student Discipline',14,'2012-07-11 05:44:42'),(46,'Delete Student Discipline',14,'2012-07-11 05:44:42'),(47,'View Student Leave',15,'2012-07-11 05:44:42'),(48,'Add/Edit Student Leave',15,'2012-07-11 05:44:42'),(49,'Delete Student Leave',15,'2012-07-11 05:44:42'),(50,'View Parent Details',16,'2012-07-11 05:44:42'),(51,'Save Parent Details',16,'2012-07-11 05:44:42'),(52,'Add/Edit Donation',16,'2012-07-11 05:44:42'),(53,'Delete Donation',16,'2012-07-11 05:44:42'),(54,'View Attendance Page',17,'2012-07-11 05:44:42'),(55,'Search Attendeance',17,'2012-07-11 05:44:42'),(56,'View Message Board Page',18,'2012-07-11 05:44:42'),(57,'Preview Message Board Report',18,'2012-07-11 05:44:42'),(58,'Send Message Board Email',18,'2012-07-11 05:44:42'),(59,'View Student Class search page',19,'2012-07-11 05:44:42'),(60,'Search Student Class',19,'2012-07-11 05:44:42'),(61,'Save Student Class',19,'2012-07-11 05:44:42'),(62,'View Student Subject Search page',20,'2012-07-11 05:44:42'),(63,'Search Student Subject List',20,'2012-07-11 05:44:42'),(64,'Save Or Update Student Subject',20,'2012-07-11 05:44:42'),(65,'View Student Mark Entry Page',21,'2012-07-11 05:44:42'),(66,'Search Student Marks',21,'2012-07-11 05:44:42'),(67,'Add Student mark',21,'2012-07-11 05:44:42'),(68,'View Student Exam Mark Entry Page',22,'2012-07-11 05:44:42'),(69,'Search Student Exam Marks',22,'2012-07-11 05:44:42'),(70,'Save Exam Marks',22,'2012-07-11 05:44:42'),(71,'View Student Assignment Mark Entry page',23,'2012-07-11 05:44:42'),(72,'Search Student Assignment Marks',23,'2012-07-11 05:44:42'),(73,'Save Student Assignment',23,'2012-07-11 05:44:42'),(74,'View Reference Module Page',24,'2012-07-11 05:44:42'),(75,'View Manage Province Page',25,'2012-07-11 05:44:42'),(76,'Search Province',25,'2012-07-11 05:44:42'),(77,'Add/Edit Province',25,'2012-07-11 05:44:42'),(78,'Delete Province',25,'2012-07-11 05:44:42'),(79,'View Manage District page',26,'2012-07-11 05:44:42'),(80,'Search District',26,'2012-07-11 05:44:42'),(81,'Add/Edit District',26,'2012-07-11 05:44:42'),(82,'Delete District',26,'2012-07-11 05:44:42'),(83,'View Nationality Page',27,'2012-07-11 05:44:42'),(84,'Add/Edit Nationality',27,'2012-07-11 05:44:42'),(85,'Delete Nationality',27,'2012-07-11 05:44:42'),(86,'View Religion Page',28,'2012-07-11 05:44:42'),(87,'Add/Edit Religion',28,'2012-07-11 05:44:42'),(88,'Delete Religion',28,'2012-07-11 05:44:42'),(89,'View Staff Category Information',29,'2012-07-11 05:44:42'),(90,'Add/Edit Staff Category',29,'2012-07-11 05:44:42'),(91,'Delete Staff Category',29,'2012-07-11 05:44:42'),(92,'View Manage News And Events',30,'2012-07-11 05:44:42'),(93,'Add/Edit News and Events',30,'2012-07-11 05:44:42'),(94,'Delete News and Events',30,'2012-07-11 05:44:42'),(95,'View Exam Subject Page',31,'2012-07-11 05:44:42'),(96,'Add/Edit Exam Subject',31,'2012-07-11 05:44:42'),(97,'Delete Exam Subject',31,'2012-07-11 05:44:42'),(98,'View Manage Grade',32,'2012-07-11 05:44:42'),(99,'Add/Edit Grade',32,'2012-07-11 05:44:42'),(100,'Delete Grade',32,'2012-07-11 05:44:42'),(101,'View Manage Grade Subjects page',33,'2012-07-11 05:44:42'),(102,'Add/Edit Grade Subject',33,'2012-07-11 05:44:42'),(103,'Delete Grade Subject',33,'2012-07-11 05:44:42'),(104,'View manage Study Stream',34,'2012-07-11 05:44:42'),(105,'Search Study Stream',34,'2012-07-11 05:44:42'),(106,'Add/Edit Study Stream',34,'2012-07-11 05:44:42'),(107,'Delete Study Stream',34,'2012-07-11 05:44:42'),(108,'View Manage Study Medium',35,'2012-07-11 05:44:42'),(109,'Search Study Medium',35,'2012-07-11 05:44:42'),(110,'Add/Edit Study Medium',35,'2012-07-11 05:44:42'),(111,'Delete Study Medium',35,'2012-07-11 05:44:42'),(112,'View manage Subjects',36,'2012-07-11 05:44:42'),(113,'Search Subject',36,'2012-07-11 05:44:42'),(114,'Add/Edit Subjects',36,'2012-07-11 05:44:42'),(115,'Delete Subjects',36,'2012-07-11 05:44:42'),(116,'View Educational Qualification',37,'2012-07-11 05:44:42'),(117,'Add/Edit Educational Qualification',37,'2012-07-11 05:44:42'),(118,'Delete Educational Qualification',37,'2012-07-11 05:44:42'),(119,'View Professional Qualification',38,'2012-07-11 05:44:42'),(120,'Add/Edit Professional Qualification',38,'2012-07-11 05:44:42'),(121,'Delete Professional Qualification',38,'2012-07-11 05:44:42'),(122,'View manage Seminars',39,'2012-07-11 05:44:42'),(123,'Add/Edit Seminar',39,'2012-07-11 05:44:42'),(124,'Delete Seminar',39,'2012-07-11 05:44:42'),(125,'View Audit Details',40,'2012-07-11 05:44:42'),(126,'Search Audit Details',40,'2012-07-11 05:44:42'),(127,'View Manage Sports',41,'2012-07-11 05:44:42'),(128,'Add/Edit Sport',41,'2012-07-11 05:44:42'),(129,'Delete Sport',41,'2012-07-11 05:44:42'),(130,'View Manage Sport Subs',42,'2012-07-11 05:44:42'),(131,'Add/Edit Sport sub',42,'2012-07-11 05:44:42'),(132,'Delete Sport Sub',42,'2012-07-11 05:44:42'),(133,'View Manage Sports Categories',43,'2012-07-11 05:44:42'),(134,'Add/Edit Sport Category',43,'2012-07-11 05:44:42'),(135,'Delete Sport Category',43,'2012-07-11 05:44:42'),(136,'View Manage Scholarship page.',44,'2012-07-11 05:44:42'),(137,'Save or Update a Scholarship',44,'2012-07-11 05:44:42'),(138,'Delete a Scholarship',44,'2012-07-11 05:44:42'),(139,'View Manage Membership positions page.',45,'2012-07-11 05:44:42'),(140,'Save or Update a Position',45,'2012-07-11 05:44:42'),(141,'Delete a Position',45,'2012-07-11 05:44:42'),(142,'View Manage Prefect Type page.',46,'2012-07-11 05:44:42'),(143,'Save or Update a Prefect Type',46,'2012-07-11 05:44:42'),(144,'Delete a Prefect Type',46,'2012-07-11 05:44:42'),(145,'View Manage classes page.',47,'2012-07-11 05:44:42'),(146,'Save or Update a Class',47,'2012-07-11 05:44:42'),(147,'Delete a Class',47,'2012-07-11 05:44:42'),(148,'View Manage donation type page.',48,'2012-07-11 05:44:42'),(149,'Save or Update a donation type',48,'2012-07-11 05:44:42'),(150,'Delete a donation type',48,'2012-07-11 05:44:42'),(151,'View Manage Exams page.',49,'2012-07-11 05:44:42'),(152,'Save or Update a Manage Exams',49,'2012-07-11 05:44:42'),(153,'Delete a Manage Exams',49,'2012-07-11 05:44:42'),(154,'View Manage Grading Information page.',50,'2012-07-11 05:44:42'),(155,'Save or Update a Grading Information',50,'2012-07-11 05:44:42'),(156,'Delete a Grading Information',50,'2012-07-11 05:44:42'),(157,'View Manage Club and Societies page.',51,'2012-07-11 05:44:42'),(158,'Save or Update a Club and Society',51,'2012-07-11 05:44:42'),(159,'Delete a Club and Society',51,'2012-07-11 05:44:42'),(160,'View Manage Blood Group page',52,'2012-07-11 05:44:42'),(161,'Save or Update a Blood Group',52,'2012-07-11 05:44:42'),(162,'Delete a Blood Group',52,'2012-07-11 05:44:42'),(163,'View Manage House page.',53,'2012-07-11 05:44:42'),(164,'Save or Update a House',53,'2012-07-11 05:44:42'),(165,'Delete a House',53,'2012-07-11 05:44:42'),(166,'View Manage Method of Travel page.',54,'2012-07-11 05:44:42'),(167,'Save or Update a Method of Travel',54,'2012-07-11 05:44:42'),(168,'Delete a Method of Travel',54,'2012-07-11 05:44:42'),(169,'View Manage Working Segment page.',55,'2012-07-11 05:44:42'),(170,'Save or Update a Working Segment',55,'2012-07-11 05:44:42'),(171,'Delete a Working Segment',55,'2012-07-11 05:44:42'),(172,'View Manage Calendar',56,'2012-07-11 05:44:42'),(173,'Save/Update Manage Calendar',56,'2012-07-11 05:44:42'),(174,'Delete Manage Calendar',56,'2012-07-11 05:44:42'),(175,'Search Manage Calendar',56,'2012-07-11 05:44:42'),(176,'View Manage Special Events Page',57,'2012-07-11 05:44:42'),(177,'Find participant list for Special Events Page',57,'2012-07-11 05:44:42'),(178,'save/update Special Events Page',57,'2012-07-11 05:44:42'),(179,'delete Special Events Page',57,'2012-07-11 05:44:42'),(180,'View Manage Assignments Page',58,'2012-07-11 05:44:42'),(181,'List Manage Assignments',58,'2012-07-11 05:44:42'),(182,'Save/Update Manage Assignments',58,'2012-07-11 05:44:42'),(183,'Delete Manage Assignments',58,'2012-07-11 05:44:42'),(184,'View School Details',59,'2012-07-11 05:44:42'),(185,'Edit School Details',59,'2012-07-11 05:44:42'),(186,'View Student General Reports Page',60,'2012-07-11 05:44:42'),(187,'View Average Term Mark ClassWise Report',60,'2012-07-11 05:44:42'),(188,'View Class Wise Exam Absentees Report',60,'2012-07-11 05:44:42'),(189,'View Class Wise Student Term Marks Evaluation Report',60,'2012-07-11 05:44:42'),(190,'View Class Wise Students Report',60,'2012-07-11 05:44:42'),(191,'View Student Summary Report',60,'2012-07-11 05:44:42'),(192,'View Class Wise Student Disciplinary Action Report',60,'2012-07-11 05:44:42'),(193,'View Class Wise Student Marks Sheet Report',60,'2012-07-11 05:44:42'),(194,'View Prize List Report',60,'2012-07-11 05:44:42'),(195,'View Exam Results Report',60,'2012-07-11 05:44:42'),(196,'View Student Attendance Report Page',61,'2012-07-11 05:44:42'),(197,'View Student Wise Attendance Report',61,'2012-07-11 05:44:42'),(198,'View Day Class Wise Attendance Report',61,'2012-07-11 05:44:42'),(199,'View Student Late Comers Attendees Report',61,'2012-07-11 05:44:42'),(200,'View Students Attendance On Special Events',61,'2012-07-11 05:44:42'),(201,'View Staff General Report Page',62,'2012-07-11 05:44:42'),(202,'View Customized Staff Related Reports',62,'2012-07-11 05:44:42'),(203,'View Staff Attendance Reports Page',63,'2012-07-11 05:44:42'),(204,'View Staff Wise Attendance Report',63,'2012-07-11 05:44:42'),(205,'View Staff Late Comers Attendees Report',63,'2012-07-11 05:44:42'),(206,'View Per Day Staff Category Wise Attendance Report',63,'2012-07-11 05:44:42'),(207,'View Staff Wise Present and Absent Days Report',63,'2012-07-11 05:44:42'),(208,'View Student Attendance Page',64,'2012-07-11 05:44:42'),(209,'View Student Attendance',64,'2012-07-11 05:44:42'),(210,'Save Student Attendance',64,'2012-07-11 05:44:42'),(211,'View Staff Attendance Page',65,'2012-07-11 05:44:42'),(212,'View Staff Attendance',65,'2012-07-11 05:44:42'),(213,'Save Staff Attendance',65,'2012-07-11 05:44:42'),(214,'View Special Events Attendance Page',66,'2012-07-11 05:44:42'),(215,'View Special Events Attendance',66,'2012-07-11 05:44:42'),(216,'Save Special Events Attendance',66,'2012-07-11 05:44:42'),(217,'View Manage User Roles page',67,'2012-07-11 05:44:42'),(218,'Edit User Role',67,'2012-07-11 05:44:42'),(219,'delete User Role',67,'2012-07-11 05:44:42'),(220,'View Add new User Role page',67,'2012-07-11 05:44:42'),(221,'Save or update user role',68,'2012-07-11 05:44:42'),(222,'search System User',69,'2012-07-11 05:44:42'),(223,'Edit System User',69,'2012-07-11 05:44:42'),(224,'Unlock User',69,'2012-07-11 05:44:42'),(225,'Enable / Disable User',69,'2012-07-11 05:44:42'),(226,'Edit User',69,'2012-07-11 05:44:42'),(227,'Delete System User',69,'2012-07-11 05:44:42'),(228,'View Add new System User page',69,'2012-07-11 05:44:42'),(229,'view System User Details',70,'2012-07-11 05:44:42'),(230,'Save or update System user',70,'2012-07-11 05:44:42'),(231,'Edit Exam Marks',22,'2012-07-11 05:44:42'),(234,'Edit Student mark',21,'2012-07-11 05:44:42'),(235,'View Staff Profile Report',62,'2012-07-11 05:44:42'),(236,'Print Staff Profile Report',2,'2012-07-11 05:44:42'),(237,'Update Student Assignment Marks',23,'2012-07-11 05:44:42'),(238,'View Student mark',21,'2012-07-11 05:44:42'),(239,'View Children',72,'2012-07-11 05:44:42'),(240,'Message To Teacher page',73,'2012-07-11 05:44:42'),(241,'Send Message To Teacher',73,'2012-07-11 05:44:42'),(242,'Link Add Leave',17,'2012-07-11 05:44:42'),(243,'View Class Wise Student Report Card Report',60,'2012-07-11 05:44:42'),(244,'Parent View Student Details',74,'2012-07-11 05:44:42'),(245,'Parent Print Student Summary',74,'2012-07-11 05:44:42'),(246,'Parent View Student Religious Activities',75,'2012-07-11 05:44:42'),(247,'Parent View Student Academic Life',76,'2012-07-11 05:44:42'),(248,'Parent View Co Curricular Details',77,'2012-07-11 05:44:42'),(249,'Parent View Student Disciplines',78,'2012-07-11 05:44:42'),(250,'Parent View Student Leave',79,'2012-07-11 05:44:42'),(251,'Parent View Parent Details',80,'2012-07-11 05:44:42'),(252,'Parent View Attendance Page',81,'2012-07-11 05:44:42'),(253,'Parent Search Attendeance',81,'2012-07-11 05:44:42'),(254,'Change Details Request',80,'2012-07-11 05:44:42'),(255,'Edit Student',9,'2012-07-11 05:44:42'),(256,'View Student Details',9,'2012-07-11 05:44:42');
/*!40000 ALTER TABLE `PRIVILEGE` ENABLE KEYS */;
UNLOCK TABLES;

--
-- Dumping data for table `PRIVILEGE_DEPENDENCY`
--

LOCK TABLES `PRIVILEGE_DEPENDENCY` WRITE;
/*!40000 ALTER TABLE `PRIVILEGE_DEPENDENCY` DISABLE KEYS */;
INSERT INTO `PRIVILEGE_DEPENDENCY` VALUES (1,2,1,NULL),(2,3,1,NULL),(3,3,4,NULL),(4,3,5,NULL),(5,4,1,NULL),(6,5,1,NULL),(7,5,4,NULL),(8,6,1,NULL),(9,6,4,NULL),(10,7,1,NULL),(11,7,4,NULL),(12,7,6,NULL),(13,8,1,NULL),(14,8,4,NULL),(15,8,6,NULL),(16,9,1,NULL),(17,9,4,NULL),(18,10,1,NULL),(19,10,4,NULL),(20,10,9,NULL),(21,11,1,NULL),(22,11,4,NULL),(23,11,9,NULL),(24,12,1,NULL),(25,12,4,NULL),(26,13,1,NULL),(27,13,4,NULL),(28,13,12,NULL),(29,14,1,NULL),(30,14,4,NULL),(31,14,12,NULL),(32,15,1,NULL),(33,15,4,NULL),(34,15,12,NULL),(35,17,16,NULL),(36,18,16,NULL),(37,19,16,NULL),(38,19,17,NULL),(39,21,20,NULL),(40,22,20,NULL),(41,23,20,NULL),(42,23,21,NULL),(43,25,24,NULL),(44,26,24,NULL),(45,27,24,NULL),(46,27,25,NULL),(47,29,28,NULL),(48,30,28,NULL),(49,30,29,NULL),(50,31,28,NULL),(51,31,32,NULL),(52,31,33,NULL),(53,32,28,NULL),(54,32,29,NULL),(55,33,28,NULL),(56,33,29,NULL),(57,33,32,NULL),(58,33,256,NULL),(59,34,28,NULL),(60,34,29,NULL),(61,34,32,NULL),(62,34,256,NULL),(63,35,28,NULL),(64,35,29,NULL),(65,35,32,NULL),(66,36,28,NULL),(67,36,29,NULL),(68,36,32,NULL),(69,36,35,NULL),(70,37,28,NULL),(71,37,29,NULL),(72,37,32,NULL),(73,37,35,NULL),(74,38,28,NULL),(75,38,29,NULL),(76,38,32,NULL),(77,39,28,NULL),(78,39,29,NULL),(79,39,32,NULL),(80,39,38,NULL),(81,40,28,NULL),(82,40,29,NULL),(83,40,32,NULL),(84,40,38,NULL),(85,41,28,NULL),(86,41,29,NULL),(87,41,32,NULL),(88,42,28,NULL),(89,42,29,NULL),(90,42,32,NULL),(91,42,41,NULL),(92,43,28,NULL),(93,43,29,NULL),(94,43,32,NULL),(95,43,41,NULL),(96,44,28,NULL),(97,44,29,NULL),(98,44,32,NULL),(99,45,28,NULL),(100,45,29,NULL),(101,45,32,NULL),(102,45,44,NULL),(103,46,28,NULL),(104,46,29,NULL),(105,46,32,NULL),(106,46,44,NULL),(107,47,28,NULL),(108,47,29,NULL),(109,47,32,NULL),(110,48,28,NULL),(111,48,29,NULL),(112,48,32,NULL),(113,48,47,NULL),(114,49,28,NULL),(115,49,29,NULL),(116,49,32,NULL),(117,49,47,NULL),(118,50,28,NULL),(119,50,29,NULL),(120,50,32,NULL),(121,51,28,NULL),(122,51,29,NULL),(123,51,32,NULL),(124,51,50,NULL),(125,52,28,NULL),(126,52,29,NULL),(127,52,32,NULL),(128,52,50,NULL),(129,53,28,NULL),(130,53,29,NULL),(131,53,32,NULL),(132,53,50,NULL),(133,54,28,NULL),(134,54,29,NULL),(135,54,32,NULL),(136,55,28,NULL),(137,55,29,NULL),(138,55,32,NULL),(139,55,54,NULL),(140,56,28,NULL),(141,56,29,NULL),(142,56,32,NULL),(143,57,28,NULL),(144,57,29,NULL),(145,57,32,NULL),(146,57,56,NULL),(147,58,28,NULL),(148,58,29,NULL),(149,58,32,NULL),(150,58,56,NULL),(151,58,57,NULL),(152,60,59,NULL),(153,61,59,NULL),(154,61,60,NULL),(155,63,62,NULL),(156,64,62,NULL),(157,64,63,NULL),(158,66,65,NULL),(159,67,65,NULL),(160,67,238,NULL),(161,67,66,NULL),(162,69,68,NULL),(163,70,68,NULL),(164,70,69,NULL),(165,72,71,NULL),(166,73,71,NULL),(167,73,72,NULL),(168,75,74,NULL),(169,76,74,NULL),(170,76,75,NULL),(171,77,74,NULL),(172,77,75,NULL),(173,78,74,NULL),(174,78,75,NULL),(175,78,76,NULL),(176,79,74,NULL),(177,80,74,NULL),(178,80,79,NULL),(179,81,74,NULL),(180,81,79,NULL),(181,82,74,NULL),(182,82,79,NULL),(183,82,80,NULL),(184,83,74,NULL),(185,84,74,NULL),(186,84,83,NULL),(187,85,74,NULL),(188,85,83,NULL),(189,86,74,NULL),(190,87,74,NULL),(191,87,86,NULL),(192,88,74,NULL),(193,88,86,NULL),(194,89,74,NULL),(195,90,74,NULL),(196,90,89,NULL),(197,91,74,NULL),(198,91,89,NULL),(199,92,74,NULL),(200,93,74,NULL),(201,93,92,NULL),(202,94,74,NULL),(203,94,92,NULL),(204,95,74,NULL),(205,96,74,NULL),(206,96,95,NULL),(207,97,74,NULL),(208,97,95,NULL),(209,98,74,NULL),(210,99,74,NULL),(211,99,98,NULL),(212,100,74,NULL),(213,100,98,NULL),(214,101,74,NULL),(215,102,74,NULL),(216,102,101,NULL),(217,103,74,NULL),(218,103,101,NULL),(219,104,74,NULL),(220,105,74,NULL),(221,105,104,NULL),(222,106,74,NULL),(223,106,104,NULL),(224,107,74,NULL),(225,107,104,NULL),(226,107,105,NULL),(227,108,74,NULL),(228,109,74,NULL),(229,109,108,NULL),(230,110,74,NULL),(231,110,108,NULL),(232,111,74,NULL),(233,111,108,NULL),(234,111,109,NULL),(235,112,74,NULL),(236,113,74,NULL),(237,113,112,NULL),(238,114,74,NULL),(239,114,112,NULL),(240,114,113,NULL),(241,115,74,NULL),(242,115,112,NULL),(243,115,113,NULL),(244,116,74,NULL),(245,117,74,NULL),(246,117,116,NULL),(247,118,74,NULL),(248,118,116,NULL),(249,119,74,NULL),(250,120,74,NULL),(251,120,119,NULL),(252,121,74,NULL),(253,121,119,NULL),(254,122,74,NULL),(255,123,74,NULL),(256,123,122,NULL),(257,124,74,NULL),(258,124,122,NULL),(259,125,74,NULL),(260,126,74,NULL),(261,126,125,NULL),(262,127,74,NULL),(263,128,74,NULL),(264,128,127,NULL),(265,129,74,NULL),(266,129,127,NULL),(267,130,74,NULL),(268,131,74,NULL),(269,131,130,NULL),(270,132,74,NULL),(271,132,130,NULL),(272,133,74,NULL),(273,134,74,NULL),(274,134,133,NULL),(275,135,74,NULL),(276,135,133,NULL),(277,136,74,NULL),(278,137,74,NULL),(279,137,136,NULL),(280,138,74,NULL),(281,138,136,NULL),(282,139,74,NULL),(283,140,74,NULL),(284,140,139,NULL),(285,141,74,NULL),(286,141,139,NULL),(287,142,74,NULL),(288,143,74,NULL),(289,143,142,NULL),(290,144,74,NULL),(291,144,142,NULL),(292,145,74,NULL),(293,146,74,NULL),(294,146,145,NULL),(295,147,74,NULL),(296,147,145,NULL),(297,148,74,NULL),(298,149,74,NULL),(299,149,148,NULL),(300,150,74,NULL),(301,150,148,NULL),(302,151,74,NULL),(303,152,74,NULL),(304,152,151,NULL),(305,153,74,NULL),(306,153,151,NULL),(307,154,74,NULL),(308,155,74,NULL),(309,155,154,NULL),(310,156,74,NULL),(311,156,154,NULL),(312,157,74,NULL),(313,158,74,NULL),(314,158,157,NULL),(315,159,74,NULL),(316,159,157,NULL),(317,160,74,NULL),(318,161,74,NULL),(319,161,160,NULL),(320,162,74,NULL),(321,162,160,NULL),(322,163,74,NULL),(323,164,74,NULL),(324,164,163,NULL),(325,165,74,NULL),(326,165,163,NULL),(327,166,74,NULL),(328,167,74,NULL),(329,167,166,NULL),(330,168,74,NULL),(331,168,166,NULL),(332,169,74,NULL),(333,170,74,NULL),(334,170,169,NULL),(335,171,74,NULL),(336,171,169,NULL),(337,172,74,NULL),(338,173,74,NULL),(339,173,172,NULL),(340,174,74,NULL),(341,174,172,NULL),(342,174,175,NULL),(343,175,74,NULL),(344,175,172,NULL),(345,176,74,NULL),(346,177,74,NULL),(347,177,176,NULL),(348,178,74,NULL),(349,178,176,NULL),(350,179,74,NULL),(351,179,176,NULL),(352,180,74,NULL),(353,181,74,NULL),(354,181,180,NULL),(355,182,74,NULL),(356,182,180,NULL),(357,183,74,NULL),(358,183,180,NULL),(359,183,181,NULL),(360,185,184,NULL),(361,187,186,NULL),(362,188,186,NULL),(363,189,186,NULL),(364,190,186,NULL),(365,191,186,NULL),(366,192,186,NULL),(367,193,186,NULL),(368,194,186,NULL),(369,195,186,NULL),(370,197,196,NULL),(371,198,196,NULL),(372,199,196,NULL),(373,200,196,NULL),(374,202,201,NULL),(375,204,203,NULL),(376,205,203,NULL),(377,206,203,NULL),(378,207,203,NULL),(379,209,208,NULL),(380,210,208,NULL),(381,210,209,NULL),(382,212,211,NULL),(383,213,211,NULL),(384,213,212,NULL),(385,215,214,NULL),(386,216,214,NULL),(387,216,215,NULL),(388,218,217,NULL),(389,219,217,NULL),(390,220,217,NULL),(391,221,217,NULL),(392,221,220,NULL),(393,223,222,NULL),(394,224,222,NULL),(395,225,222,NULL),(396,226,222,NULL),(397,227,222,NULL),(398,228,222,NULL),(399,229,222,NULL),(400,230,222,NULL),(401,231,68,NULL),(402,231,69,NULL),(403,231,70,NULL),(404,234,65,NULL),(405,234,66,NULL),(406,234,67,NULL),(407,235,201,NULL),(408,236,1,NULL),(409,236,4,NULL),(410,237,71,NULL),(411,237,72,NULL),(412,237,73,NULL),(413,238,65,NULL),(414,238,66,NULL),(415,240,239,NULL),(416,241,240,NULL),(417,242,28,NULL),(418,242,54,NULL),(419,242,55,NULL),(420,243,186,NULL),(421,244,240,NULL),(422,245,240,NULL),(423,246,240,NULL),(424,247,240,NULL),(425,248,240,NULL),(426,249,240,NULL),(427,250,240,NULL),(428,251,240,NULL),(429,252,240,NULL),(430,253,240,NULL),(431,254,240,NULL),(432,254,251,NULL),(433,255,28,NULL),(434,255,29,NULL),(435,256,28,NULL),(436,256,29,NULL);
/*!40000 ALTER TABLE `PRIVILEGE_DEPENDENCY` ENABLE KEYS */;
UNLOCK TABLES;


--
-- Dumping data for table `PAGE`
--

LOCK TABLES `PAGE` WRITE;
/*!40000 ALTER TABLE `PAGE` DISABLE KEYS */;
INSERT INTO `PAGE`(PAGE_ID,NAME,URL,TAB_ID,INDEX_NO,MODIFIED_TIME) VALUES (1,'Search Staff Member Page','staffSearch.htm',2,1,'2012-07-11 05:44:38'),(2,'Staff Member Details Page','viewStaffMemberDetails.htm',6,1,'2012-07-11 05:44:38'),(3,'Staff Qualifications Page','staffQualifications.htm',7,1,'2012-07-11 05:44:38'),(4,'Staff Extra Curricular Page','staffExtraCurricular.htm',8,1,'2012-07-11 05:44:38'),(5,'Staff Leave Page','staffLeave.htm',9,1,'2012-07-11 05:44:38'),(6,'Teacher Subject Allocation Page','teacherSubjectAllocation.htm',3,1,'2012-07-11 05:44:38'),(7,'Class Teacher Allocation Page','classTeacherAllocation.htm',4,1,'2012-07-11 05:44:38'),(8,'Section Head Allocation Page','sectionHeadAllocation.htm',5,1,'2012-07-11 05:44:38'),(9,'Student Search Page','studentSearch.htm',11,1,'2012-07-11 05:44:38'),(10,'Student Details Page','studentDetails.htm',12,1,'2012-07-11 05:44:38'),(11,'Student Religious Activities Page','FaithLifeRating.htm',13,1,'2012-07-11 05:44:38'),(12,'Student Academic Life Page','academicDetails.htm',14,1,'2012-07-11 05:44:38'),(13,'Co Curricular Details Page','coCurricularActivity.htm',15,1,'2012-07-11 05:44:38'),(14,'Student Disciplines Page','studentDiscipline.htm',16,1,'2012-07-11 05:44:38'),(15,'Student Leave Page','studentLeave.htm',17,1,'2012-07-11 05:44:38'),(16,'Parent Details Page','AdminParent.htm',18,1,'2012-07-11 05:44:38'),(17,'Attendance Page','studentAttendanceForm.htm',19,1,'2012-07-11 05:44:38'),(18,'Message Board Page','studentProgressReport.htm',20,1,'2012-07-11 05:44:38'),(19,'Student Class Page','studentClass.htm',21,1,'2012-07-11 05:44:38'),(20,'Student Subject Page','studentSubject.htm',22,1,'2012-07-11 05:44:38'),(21,'Student Mark Entry Page','studentMarks.htm',23,1,'2012-07-11 05:44:38'),(22,'Student Exam Marks Entry','studentExamMarks.htm',24,1,'2012-07-11 05:44:38'),(23,'Student Assignment Mark','studentAssignmentMarks.htm',25,1,'2012-07-11 05:44:38'),(24,'Reference Module Page','referenceModule.htm',26,1,'2012-07-11 05:44:38'),(25,'Manage Provinces','manageProvince.htm',26,2,'2012-07-11 05:44:38'),(26,'Manage Districts','manageDistrict.htm',26,3,'2012-07-11 05:44:38'),(27,'Manage Nationality','manageNationality.htm',26,4,'2012-07-11 05:44:38'),(28,'Manage Religion','manageReligion.htm',26,5,'2012-07-11 05:44:38'),(29,'Manage Staff Category Information','manageStaffCategory.htm',26,6,'2012-07-11 05:44:38'),(30,'Manage News And Events','managePublication.htm',26,7,'2012-07-11 05:44:38'),(31,'Manage Exam Subjects','manageExamSubject.htm',26,8,'2012-07-11 05:44:38'),(32,'Manage Grade','manageGrade.htm',26,9,'2012-07-11 05:44:38'),(33,'Manage Grade Subjects','manageSubjectGrade.htm',26,10,'2012-07-11 05:44:38'),(34,'Manage Study Streams','manageStreams.htm',26,11,'2012-07-11 05:44:38'),(35,'Manage Study Medium','manageStudyMediums.htm',26,12,'2012-07-11 05:44:38'),(36,'Manage Subjects','manageSubjects.htm',26,13,'2012-07-11 05:44:38'),(37,'Manage Educational Qualifications','manageEducationalQualification.htm',26,14,'2012-07-11 05:44:38'),(38,'Manage Professional Qualifications','manageProfessionalQualification.htm',26,15,'2012-07-11 05:44:38'),(39,'Manage Seminars','manageSeminar.htm',26,16,'2012-07-11 05:44:38'),(40,'View Audit Details','viewAuditDetails.htm',26,17,'2012-07-11 05:44:38'),(41,'Manage Sports','manageSport.htm',26,18,'2012-07-11 05:44:38'),(42,'Manage Sports Age Groups','manageSportSub.htm',26,19,'2012-07-11 05:44:38'),(43,'Manage Sports Categories','manageSportCategory.htm',26,20,'2012-07-11 05:44:38'),(44,'Manage Scholarship','manageScholarship.htm',26,21,'2012-07-11 05:44:38'),(45,'Manage Membership Positions','managePosition.htm',26,22,'2012-07-11 05:44:38'),(46,'Manage Prefect Types','managePrefectType.htm',26,23,'2012-07-11 05:44:38'),(47,'Add Classes','manageClass.htm',26,24,'2012-07-11 05:44:38'),(48,'Donation Type','manageDonationType.htm',26,25,'2012-07-11 05:44:38'),(49,'Manage Exams','manageExam.htm',26,26,'2012-07-11 05:44:38'),(50,'Grading Information','manageGradingInformation.htm',26,27,'2012-07-11 05:44:38'),(51,'Manage Clubs & Societies','manageClubSociety.htm',26,28,'2012-07-11 05:44:38'),(52,'Manage Blood Groups','manageBloodGroup.htm',26,29,'2012-07-11 05:44:38'),(53,'Manage House','manageHouse.htm',26,30,'2012-07-11 05:44:38'),(54,'Manage Method of Travel','manageMethodOfTravel.htm',26,31,'2012-07-11 05:44:38'),(55,'Manage Working Segment','manageWorkingSegment.htm',26,32,'2012-07-11 05:44:38'),(56,'Manage Holidays','manageHoliday.htm',26,33,'2012-07-11 05:44:38'),(57,'Manage Special Events','manageSpecialEvents.htm',26,34,'2012-07-11 05:44:38'),(58,'Manage Assignments','manageAssignment.htm',26,35,'2012-07-11 05:44:38'),(59,'School Details','schoolDetail.htm',27,1,'2012-07-11 05:44:38'),(60,'Student General Reports Page','StudentGeneralReports.htm',29,1,'2012-07-11 05:44:38'),(61,'Student Attendance Report Page','StudentAttendanceReports.htm',30,1,'2012-07-11 05:44:38'),(62,'Staff General Report Page','StaffGeneralReports.htm',31,1,'2012-07-11 05:44:38'),(63,'Staff Attendance Reports Page','StaffAttendanceReports.htm',32,1,'2012-07-11 05:44:38'),(64,'Student Attendance Page','DailyAttendance.htm',34,1,'2012-07-11 05:44:38'),(65,'Staff Attendance Page','TeacherDailyAttendance.htm',35,1,'2012-07-11 05:44:38'),(66,'Special Events Attendance Page','SpecialEventsAttendance.htm',36,1,'2012-07-11 05:44:38'),(67,'Manage User Roles','manageUserRoles.htm',38,1,'2012-07-11 05:44:38'),(68,'User Role Details','newUserRoleDetails.htm',38,2,'2012-07-11 05:44:38'),(69,'Manage System Users page','manageSystemUsers.htm',39,1,'2012-07-11 05:44:38'),(70,'System User Details','createSystemUser.htm',39,2,'2012-07-11 05:44:38'),(72,'Children page','getChildList.htm',40,1,'2012-07-11 05:44:38'),(73,'Message To Teacher page','messageToTeacher.htm',41,1,'2012-07-11 05:44:38'),(74,'Student Details Page','studentDetails.htm',42,1,'2012-07-11 05:44:38'),(75,'Student Religious Activities Page','FaithLifeRating.htm',43,1,'2012-07-11 05:44:38'),(76,'Student Academic Life Page','academicDetails.htm',44,1,'2012-07-11 05:44:38'),(77,'Co Curricular Details Page','coCurricularActivity.htm',45,1,'2012-07-11 05:44:38'),(78,'Student Disciplines Page','studentDiscipline.htm',46,1,'2012-07-11 05:44:38'),(79,'Student Leave Page','studentLeave.htm',47,1,'2012-07-11 05:44:38'),(80,'Parent Details Page','AdminParent.htm',48,1,'2012-07-11 05:44:38'),(81,'Attendance Page','studentAttendanceForm.htm',49,1,'2012-07-11 05:44:38');
/*!40000 ALTER TABLE `PAGE` ENABLE KEYS */;
UNLOCK TABLES;

SET foreign_key_checks=1;

