USE `akura`;

--
-- Dumping data for table `MODULE`
--

LOCK TABLES `MODULE` WRITE;
/*!40000 ALTER TABLE `MODULE` DISABLE KEYS */;
INSERT INTO `MODULE`(MODULE_ID,NAME,MODIFIED_TIME) VALUES (1,'Staff Module','2012-06-21 07:18:24'),(2,'Student Module','2012-06-21 07:18:24'),(3,'Reference Module','2012-06-21 07:18:24'),(4,'School Module','2012-06-21 07:18:24'),(5,'Reporting Module','2012-06-21 07:18:24'),(6,'Attendance Module','2012-06-21 07:18:24'),(7,'User Management Module','2012-06-21 07:18:24'),(8,'Parent Module','2012-06-21 07:18:24');
/*!40000 ALTER TABLE `MODULE` ENABLE KEYS */;
UNLOCK TABLES;


--
-- Dumping data for table `TAB`
--

LOCK TABLES `TAB` WRITE;
/*!40000 ALTER TABLE `TAB` DISABLE KEYS */;
INSERT INTO `TAB`(TAB_ID,NAME,PARENT_TAB_ID,MODULE_ID,INDEX_NO,MODIFIED_TIME) VALUES (1,'Staff Module',NULL,1,1,'2012-06-21 07:18:49'),(2,'Staff Search',1,1,1,'2012-06-21 07:18:49'),(3,'Teacher Subject Allocation',1,1,2,'2012-06-21 07:18:49'),(4,'Class Teacher Allocation',1,1,3,'2012-06-21 07:18:49'),(5,'Section Head Allocation',1,1,4,'2012-06-21 07:18:49'),(6,'Staff Member Details',2,1,1,'2012-06-21 07:18:49'),(7,'Qualifications',2,1,2,'2012-06-21 07:18:49'),(8,'Extra Curricular',2,1,3,'2012-06-21 07:18:49'),(9,'Leave',2,1,4,'2012-06-21 07:18:49'),(10,'Student Module',NULL,2,2,'2012-06-21 07:18:49'),(11,'Student Search',10,2,1,'2012-06-21 07:18:49'),(12,'Student Details',11,2,2,'2012-06-21 07:18:49'),(13,'Religious Activities',11,2,3,'2012-06-21 07:18:49'),(14,'Academic Life',11,2,4,'2012-06-21 07:18:49'),(15,'Co-Curricular',11,2,5,'2012-06-21 07:18:49'),(16,'Discipline',11,2,6,'2012-06-21 07:18:49'),(17,'Absent',11,2,7,'2012-06-21 07:18:49'),(18,'Parent Details',11,2,8,'2012-06-21 07:18:49'),(19,'Attendance',11,2,9,'2012-06-21 07:18:49'),(20,'Message Board',11,2,10,'2012-06-21 07:18:49'),(21,'Student Class',10,2,2,'2012-06-21 07:18:49'),(22,'Student Subjects',10,2,3,'2012-06-21 07:18:49'),(23,'Student Mark Entry',10,2,4,'2012-06-21 07:18:49'),(24,'Student Exam Marks Entry',10,2,5,'2012-06-21 07:18:49'),(25,'Student Assignment Mark',10,2,6,'2012-06-21 07:18:49'),(26,'Reference Module',NULL,3,3,'2012-06-21 07:18:49'),(27,'School Module',NULL,4,4,'2012-06-21 07:18:49'),(28,'Reporting Module',NULL,5,5,'2012-06-21 07:18:49'),(29,'Student General Reports',28,5,1,'2012-06-21 07:18:49'),(30,'Student Attendance Reports',28,5,2,'2012-06-21 07:18:49'),(31,'Staff General Reports',28,5,3,'2012-06-21 07:18:49'),(32,'Staff Attendance Reports',28,5,4,'2012-06-21 07:18:49'),(33,'Attendance Module',NULL,6,6,'2012-06-21 07:18:49'),(34,'Student Attendance',33,6,1,'2012-06-21 07:18:49'),(35,'Staff Attendance',33,6,2,'2012-06-21 07:18:49'),(36,'Special Events Attendance',33,6,3,'2012-06-21 07:18:49'),(37,'User Management Module',NULL,7,7,'2012-06-21 07:18:49'),(38,'Manage User Roles',37,7,1,'2012-06-21 07:18:49'),(39,'Manage System Users',37,7,2,'2012-06-21 07:18:49'),(40,'Children',NULL,8,1,'2012-06-21 07:18:49'),(41,'Message To Teacher',40,8,11,'2012-06-21 07:18:49'),(42,'Student Details',40,8,1,'2012-06-21 07:18:49'),(43,'Religious Activities',40,8,3,'2012-06-21 07:18:49'),(44,'Academic Life',40,8,2,'2012-06-21 07:18:49'),(45,'Co-Curricular',40,8,4,'2012-06-21 07:18:49'),(46,'Discipline',40,8,5,'2012-06-21 07:18:49'),(47,'Absent',40,8,6,'2012-06-21 07:18:49'),(48,'Parent Details',40,8,7,'2012-06-21 07:18:49'),(49,'Attendance',40,8,8,'2012-06-21 07:18:49');
/*!40000 ALTER TABLE `TAB` ENABLE KEYS */;
UNLOCK TABLES;


--
-- Dumping data for table `PAGE`
--

LOCK TABLES `PAGE` WRITE;
/*!40000 ALTER TABLE `PAGE` DISABLE KEYS */;
INSERT INTO `PAGE`(PAGE_ID,NAME,URL,TAB_ID,INDEX_NO,MODIFIED_TIME) VALUES (1,'Search Staff Member Page','staffSearch.htm',2,1,'2012-06-21 07:19:05'),(2,'Staff Member Details Page','viewStaffMemberDetails.htm',6,1,'2012-06-21 07:19:05'),(3,'Staff Qualifications Page','staffQualifications.htm',7,1,'2012-06-21 07:19:05'),(4,'Staff Extra Curricular Page','staffExtraCurricular.htm',8,1,'2012-06-21 07:19:05'),(5,'Staff Leave Page','staffLeave.htm',9,1,'2012-06-21 07:19:05'),(6,'Teacher Subject Allocation Page','teacherSubjectAllocation.htm',3,1,'2012-06-21 07:19:05'),(7,'Class Teacher Allocation Page','classTeacherAllocation.htm',4,1,'2012-06-21 07:19:05'),(8,'Section Head Allocation Page','sectionHeadAllocation.htm',5,1,'2012-06-21 07:19:05'),(9,'Student Search Page','studentSearch.htm',11,1,'2012-06-21 07:19:05'),(10,'Student Details Page','studentDetails.htm',12,1,'2012-06-21 07:19:05'),(11,'Student Religious Activities Page','FaithLifeRating.htm',13,1,'2012-06-21 07:19:05'),(12,'Student Academic Life Page','academicDetails.htm',14,1,'2012-06-21 07:19:05'),(13,'Co Curricular Details Page','coCurricularActivity.htm',15,1,'2012-06-21 07:19:05'),(14,'Student Disciplines Page','studentDiscipline.htm',16,1,'2012-06-21 07:19:05'),(15,'Student Leave Page','studentLeave.htm',17,1,'2012-06-21 07:19:05'),(16,'Parent Details Page','AdminParent.htm',18,1,'2012-06-21 07:19:05'),(17,'Attendance Page','studentAttendanceForm.htm',19,1,'2012-06-21 07:19:05'),(18,'Message Board Page','studentProgressReport.htm',20,1,'2012-06-21 07:19:05'),(19,'Student Class Page','studentClass.htm',21,1,'2012-06-21 07:19:05'),(20,'Student Subject Page','studentSubject.htm',22,1,'2012-06-21 07:19:05'),(21,'Student Mark Entry Page','studentMarks.htm',23,1,'2012-06-21 07:19:05'),(22,'Student Exam Marks Entry','studentExamMarks.htm',24,1,'2012-06-21 07:19:05'),(23,'Student Assignment Mark','studentAssignmentMarks.htm',25,1,'2012-06-21 07:19:05'),(24,'Reference Module Page','referenceModule.htm',26,1,'2012-06-21 07:19:05'),(25,'Manage Provinces','manageProvince.htm',26,2,'2012-06-21 07:19:05'),(26,'Manage Districts','manageDistrict.htm',26,3,'2012-06-21 07:19:05'),(27,'Manage Nationality','manageNationality.htm',26,4,'2012-06-21 07:19:05'),(28,'Manage Religion','manageReligion.htm',26,5,'2012-06-21 07:19:05'),(29,'Manage Staff Category Information','manageStaffCategory.htm',26,6,'2012-06-21 07:19:05'),(30,'Manage News And Events','managePublication.htm',26,7,'2012-06-21 07:19:05'),(31,'Manage Exam Subjects','manageExamSubject.htm',26,8,'2012-06-21 07:19:05'),(32,'Manage Grade','manageGrade.htm',26,9,'2012-06-21 07:19:05'),(33,'Manage Grade Subjects','manageSubjectGrade.htm',26,10,'2012-06-21 07:19:05'),(34,'Manage Study Streams','manageStreams.htm',26,11,'2012-06-21 07:19:05'),(35,'Manage Study Medium','manageStudyMediums.htm',26,12,'2012-06-21 07:19:05'),(36,'Manage Subjects','manageSubjects.htm',26,13,'2012-06-21 07:19:05'),(37,'Manage Educational Qualifications','manageEducationalQualification.htm',26,14,'2012-06-21 07:19:05'),(38,'Manage Professional Qualifications','manageProfessionalQualification.htm',26,15,'2012-06-21 07:19:05'),(39,'Manage Seminars','manageSeminar.htm',26,16,'2012-06-21 07:19:05'),(40,'View Audit Details','viewAuditDetails.htm',26,17,'2012-06-21 07:19:05'),(41,'Manage Sports','manageSport.htm',26,18,'2012-06-21 07:19:05'),(42,'Manage Sport Subs','manageSportSub.htm',26,19,'2012-06-21 07:19:05'),(43,'Manage Sports Categories','manageSportCategory.htm',26,20,'2012-06-21 07:19:05'),(44,'Manage Scholarship','manageScholarship.htm',26,21,'2012-06-21 07:19:05'),(45,'Manage Membership Positions','managePosition.htm',26,22,'2012-06-21 07:19:05'),(46,'Manage Prefect Types','managePrefectType.htm',26,23,'2012-06-21 07:19:05'),(47,'Add Classes','manageClass.htm',26,24,'2012-06-21 07:19:05'),(48,'Donation Type','manageDonationType.htm',26,25,'2012-06-21 07:19:05'),(49,'Manage Exams','manageExam.htm',26,26,'2012-06-21 07:19:05'),(50,'Grading Information','manageGradingInformation.htm',26,27,'2012-06-21 07:19:05'),(51,'Manage Clubs & Societies','manageClubSociety.htm',26,28,'2012-06-21 07:19:05'),(52,'Manage Blood Groups','manageBloodGroup.htm',26,29,'2012-06-21 07:19:05'),(53,'Manage House','manageHouse.htm',26,30,'2012-06-21 07:19:05'),(54,'Manage Method of Travel','manageMethodOfTravel.htm',26,31,'2012-06-21 07:19:05'),(55,'Manage Working Segment','manageWorkingSegment.htm',26,32,'2012-06-21 07:19:05'),(56,'Manage Calendar','manageHoliday.htm',26,33,'2012-06-21 07:19:05'),(57,'Manage Special Events','manageSpecialEvents.htm',26,34,'2012-06-21 07:19:05'),(58,'Manage Assignments','manageAssignment.htm',26,35,'2012-06-21 07:19:05'),(59,'School Details','schoolDetail.htm',27,1,'2012-06-21 07:19:05'),(60,'Student General Reports Page','StudentGeneralReports.htm',29,1,'2012-06-21 07:19:05'),(61,'Student Attendance Report Page','StudentAttendanceReports.htm',30,1,'2012-06-21 07:19:05'),(62,'Staff General Report Page','StaffGeneralReports.htm',31,1,'2012-06-21 07:19:05'),(63,'Staff Attendance Reports Page','StaffAttendanceReports.htm',32,1,'2012-06-21 07:19:05'),(64,'Student Attendance Page','DailyAttendance.htm',34,1,'2012-06-21 07:19:05'),(65,'Staff Attendance Page','TeacherDailyAttendance.htm',35,1,'2012-06-21 07:19:05'),(66,'Special Events Attendance Page','SpecialEventsAttendance.htm',36,1,'2012-06-21 07:19:05'),(67,'Manage User Roles','manageUserRoles.htm',38,1,'2012-06-21 07:19:05'),(68,'User Role Details','newUserRoleDetails.htm',38,2,'2012-06-21 07:19:05'),(69,'Manage System Users page','manageSystemUsers.htm',39,1,'2012-06-21 07:19:05'),(70,'System User Details','createSystemUser.htm',39,2,'2012-06-21 07:19:05'),(71,'Student Report Card Generate Page','studentReportCardPage.htm',29,2,'2012-06-21 07:19:05'),(72,'Children page','getChildList.htm',40,1,'2012-06-21 07:19:05'),(73,'Message To Teacher page','messageToTeacher.htm',41,1,'2012-06-21 07:19:05'),(74,'Student Details Page','studentDetails.htm',42,1,'2012-06-21 07:19:05'),(75,'Student Religious Activities Page','FaithLifeRating.htm',43,1,'2012-06-21 07:19:05'),(76,'Student Academic Life Page','academicDetails.htm',44,1,'2012-06-21 07:19:05'),(77,'Co Curricular Details Page','coCurricularActivity.htm',45,1,'2012-06-21 07:19:05'),(78,'Student Disciplines Page','studentDiscipline.htm',46,1,'2012-06-21 07:19:05'),(79,'Student Leave Page','studentLeave.htm',47,1,'2012-06-21 07:19:05'),(80,'Parent Details Page','AdminParent.htm',48,1,'2012-06-21 07:19:05'),(81,'Attendance Page','studentAttendanceForm.htm',49,1,'2012-06-21 07:19:05');
/*!40000 ALTER TABLE `PAGE` ENABLE KEYS */;
UNLOCK TABLES;


--
-- Dumping data for table `PRIVILEGE`
--

LOCK TABLES `PRIVILEGE` WRITE;
/*!40000 ALTER TABLE `PRIVILEGE` DISABLE KEYS */;
INSERT INTO `PRIVILEGE`(PRIVILEGE_ID,NAME,PAGE_ID,MODIFIED_TIME) VALUES (1,'Search Staff Members',1,'2012-06-21 07:19:33'),(2,'Delete Staff Member',1,'2012-06-21 07:19:33'),(3,'View Add New Staff Member Page',1,'2012-06-21 07:19:33'),(4,'View Staff Member Details',2,'2012-06-21 07:19:33'),(5,'Save Staff Details',2,'2012-06-21 07:19:33'),(6,'View Staff Qualification page',3,'2012-06-21 07:19:33'),(7,'Add/Edit Qualification',3,'2012-06-21 07:19:33'),(8,'Delete Qualification',3,'2012-06-21 07:19:33'),(9,'View Staff Extra Curricular page',4,'2012-06-21 07:19:33'),(10,'Add/Edit Staff Extra Curricular',4,'2012-06-21 07:19:33'),(11,'Delete Staff Extra Curricular',4,'2012-06-21 07:19:33'),(12,'View Staff Leave Page',5,'2012-06-21 07:19:33'),(13,'Add Staff Leave',5,'2012-06-21 07:19:33'),(14,'Edit Staff Leave',5,'2012-06-21 07:19:33'),(15,'Delete Staff Leave',5,'2012-06-21 07:19:33'),(16,'View Teacher Subject Allocation Page',6,'2012-06-21 07:19:33'),(17,'Search Teacher Subject Allocation',6,'2012-06-21 07:19:33'),(18,'Add/Edit Teacher Subject Allocation',6,'2012-06-21 07:19:33'),(19,'Delete Teacher Subject Allocation',6,'2012-06-21 07:19:33'),(20,'View Class Teacher Allocation Page',7,'2012-06-21 07:19:33'),(21,'Search Class Teacher Allocation',7,'2012-06-21 07:19:33'),(22,'Add/Edit Class Teacher Allocation',7,'2012-06-21 07:19:33'),(23,'Delete Class Teacher Allocation',7,'2012-06-21 07:19:33'),(24,'View Section Head Allocation Page',8,'2012-06-21 07:19:33'),(25,'Search Section Head Allocation',8,'2012-06-21 07:19:33'),(26,'Add/Edit Section Head Allocation',8,'2012-06-21 07:19:33'),(27,'Delete Section Head Allocation',8,'2012-06-21 07:19:33'),(28,'View Student Search Page',9,'2012-06-21 07:19:33'),(29,'Student Search',9,'2012-06-21 07:19:33'),(30,'Delete Student',9,'2012-06-21 07:19:33'),(31,'Add New Student',9,'2012-06-21 07:19:33'),(32,'View Student Details',10,'2012-06-21 07:19:33'),(33,'Save Student Details',10,'2012-06-21 07:19:33'),(34,'Print Student Summary',10,'2012-06-21 07:19:33'),(35,'View Student Religious Activities',11,'2012-06-21 07:19:33'),(36,'Save Religious Activity',11,'2012-06-21 07:19:33'),(37,'Delete Religious Activity',11,'2012-06-21 07:19:33'),(38,'View Student Academic Life',12,'2012-06-21 07:19:33'),(39,'Add/Edit Student Academic Data',12,'2012-06-21 07:19:33'),(40,'Delete Student Academic Data',12,'2012-06-21 07:19:33'),(41,'View Co Curricular Details',13,'2012-06-21 07:19:33'),(42,'Add/Edit Co Curricular Details',13,'2012-06-21 07:19:33'),(43,'Delete Co Curricular Details',13,'2012-06-21 07:19:33'),(44,'View Student Disciplines',14,'2012-06-21 07:19:33'),(45,'Add/Edit Student Discipline',14,'2012-06-21 07:19:33'),(46,'Delete Student Discipline',14,'2012-06-21 07:19:33'),(47,'View Student Leave',15,'2012-06-21 07:19:33'),(48,'Add/Edit Student Leave',15,'2012-06-21 07:19:33'),(49,'Delete Student Leave',15,'2012-06-21 07:19:33'),(50,'View Parent Details',16,'2012-06-21 07:19:33'),(51,'Save Parent Details',16,'2012-06-21 07:19:33'),(52,'Add/Edit Donation',16,'2012-06-21 07:19:33'),(53,'Delete Donation',16,'2012-06-21 07:19:33'),(54,'View Attendance Page',17,'2012-06-21 07:19:33'),(55,'Search Attendeance',17,'2012-06-21 07:19:33'),(56,'View Message Board Page',18,'2012-06-21 07:19:33'),(57,'Preview Message Board Report',18,'2012-06-21 07:19:33'),(58,'Send Message Board Email',18,'2012-06-21 07:19:33'),(59,'View Student Class search page',19,'2012-06-21 07:19:33'),(60,'Search Student Class',19,'2012-06-21 07:19:33'),(61,'Save Student Class',19,'2012-06-21 07:19:33'),(62,'View Student Subject Search page',20,'2012-06-21 07:19:33'),(63,'Search Student Subject List',20,'2012-06-21 07:19:33'),(64,'Save Or Update Student Subject',20,'2012-06-21 07:19:33'),(65,'View Student Mark Entry Page',21,'2012-06-21 07:19:33'),(66,'Search Student Marks',21,'2012-06-21 07:19:33'),(67,'Add Student mark',21,'2012-06-21 07:19:33'),(68,'View Student Exam Mark Entry Page',22,'2012-06-21 07:19:33'),(69,'Search Student Exam Marks',22,'2012-06-21 07:19:33'),(70,'Save Exam Marks',22,'2012-06-21 07:19:33'),(71,'View Student Assignment Mark Entry page',23,'2012-06-21 07:19:33'),(72,'Search Student Assignment Marks',23,'2012-06-21 07:19:33'),(73,'Save Student Assignment',23,'2012-06-21 07:19:33'),(74,'View Reference Module Page',24,'2012-06-21 07:19:33'),(75,'View Manage Province Page',25,'2012-06-21 07:19:33'),(76,'Search Province',25,'2012-06-21 07:19:33'),(77,'Add/Edit Province',25,'2012-06-21 07:19:33'),(78,'Delete Province',25,'2012-06-21 07:19:33'),(79,'View Manage District page',26,'2012-06-21 07:19:33'),(80,'Search District',26,'2012-06-21 07:19:33'),(81,'Add/Edit District',26,'2012-06-21 07:19:33'),(82,'Delete District',26,'2012-06-21 07:19:33'),(83,'View Nationality Page',27,'2012-06-21 07:19:33'),(84,'Add/Edit Nationality',27,'2012-06-21 07:19:33'),(85,'Delete Nationality',27,'2012-06-21 07:19:33'),(86,'View Religion Page',28,'2012-06-21 07:19:33'),(87,'Add/Edit Religion',28,'2012-06-21 07:19:33'),(88,'Delete Religion',28,'2012-06-21 07:19:33'),(89,'View Staff Category Information',29,'2012-06-21 07:19:33'),(90,'Add/Edit Staff Category',29,'2012-06-21 07:19:33'),(91,'Delete Staff Category',29,'2012-06-21 07:19:33'),(92,'View Manage News And Events',30,'2012-06-21 07:19:33'),(93,'Add/Edit News and Events',30,'2012-06-21 07:19:33'),(94,'Delete News and Events',30,'2012-06-21 07:19:33'),(95,'View Exam Subject Page',31,'2012-06-21 07:19:33'),(96,'Add/Edit Exam Subject',31,'2012-06-21 07:19:33'),(97,'Delete Exam Subject',31,'2012-06-21 07:19:33'),(98,'View Manage Grade',32,'2012-06-21 07:19:33'),(99,'Add/Edit Grade',32,'2012-06-21 07:19:33'),(100,'Delete Grade',32,'2012-06-21 07:19:33'),(101,'View Manage Grade Subjects page',33,'2012-06-21 07:19:33'),(102,'Add/Edit Grade Subject',33,'2012-06-21 07:19:33'),(103,'Delete Grade Subject',33,'2012-06-21 07:19:33'),(104,'View manage Study Stream',34,'2012-06-21 07:19:33'),(105,'Search Study Stream',34,'2012-06-21 07:19:33'),(106,'Add/Edit Study Stream',34,'2012-06-21 07:19:33'),(107,'Delete Study Stream',34,'2012-06-21 07:19:33'),(108,'View Manage Study Medium',35,'2012-06-21 07:19:33'),(109,'Search Study Medium',35,'2012-06-21 07:19:33'),(110,'Add/Edit Study Medium',35,'2012-06-21 07:19:33'),(111,'Delete Study Medium',35,'2012-06-21 07:19:33'),(112,'View manage Subjects',36,'2012-06-21 07:19:33'),(113,'Search Subject',36,'2012-06-21 07:19:33'),(114,'Add/Edit Subjects',36,'2012-06-21 07:19:33'),(115,'Delete Subjects',36,'2012-06-21 07:19:33'),(116,'View Educational Qualification',37,'2012-06-21 07:19:33'),(117,'Add/Edit Educational Qualification',37,'2012-06-21 07:19:33'),(118,'Delete Educational Qualification',37,'2012-06-21 07:19:33'),(119,'View Professional Qualification',38,'2012-06-21 07:19:33'),(120,'Add/Edit Professional Qualification',38,'2012-06-21 07:19:33'),(121,'Delete Professional Qualification',38,'2012-06-21 07:19:33'),(122,'View manage Seminars',39,'2012-06-21 07:19:33'),(123,'Add/Edit Seminar',39,'2012-06-21 07:19:33'),(124,'Delete Seminar',39,'2012-06-21 07:19:33'),(125,'View Audit Details',40,'2012-06-21 07:19:33'),(126,'Search Audit Details',40,'2012-06-21 07:19:33'),(127,'View Manage Sports',41,'2012-06-21 07:19:33'),(128,'Add/Edit Sport',41,'2012-06-21 07:19:33'),(129,'Delete Sport',41,'2012-06-21 07:19:33'),(130,'View Manage Sport Subs',42,'2012-06-21 07:19:33'),(131,'Add/Edit Sport sub',42,'2012-06-21 07:19:33'),(132,'Delete Sport Sub',42,'2012-06-21 07:19:33'),(133,'View Manage Sports Categories',43,'2012-06-21 07:19:33'),(134,'Add/Edit Sport Category',43,'2012-06-21 07:19:33'),(135,'Delete Sport Category',43,'2012-06-21 07:19:33'),(136,'View Manage Scholarship page.',44,'2012-06-21 07:19:33'),(137,'Save or Update a Scholarship',44,'2012-06-21 07:19:33'),(138,'Delete a Scholarship',44,'2012-06-21 07:19:33'),(139,'View Manage Membership positions page.',45,'2012-06-21 07:19:33'),(140,'Save or Update a Position',45,'2012-06-21 07:19:33'),(141,'Delete a Position',45,'2012-06-21 07:19:33'),(142,'View Manage Prefect Type page.',46,'2012-06-21 07:19:33'),(143,'Save or Update a Prefect Type',46,'2012-06-21 07:19:33'),(144,'Delete a Prefect Type',46,'2012-06-21 07:19:33'),(145,'View Manage classes page.',47,'2012-06-21 07:19:33'),(146,'Save or Update a Class',47,'2012-06-21 07:19:33'),(147,'Delete a Class',47,'2012-06-21 07:19:33'),(148,'View Manage donation type page.',48,'2012-06-21 07:19:33'),(149,'Save or Update a donation type',48,'2012-06-21 07:19:33'),(150,'Delete a donation type',48,'2012-06-21 07:19:33'),(151,'View Manage Exams page.',49,'2012-06-21 07:19:33'),(152,'Save or Update a Manage Exams',49,'2012-06-21 07:19:33'),(153,'Delete a Manage Exams',49,'2012-06-21 07:19:33'),(154,'View Manage Grading Information page.',50,'2012-06-21 07:19:33'),(155,'Save or Update a Grading Information',50,'2012-06-21 07:19:33'),(156,'Delete a Grading Information',50,'2012-06-21 07:19:33'),(157,'View Manage Club and Societies page.',51,'2012-06-21 07:19:33'),(158,'Save or Update a Club and Society',51,'2012-06-21 07:19:33'),(159,'Delete a Club and Society',51,'2012-06-21 07:19:33'),(160,'View Manage Blood Group page',52,'2012-06-21 07:19:33'),(161,'Save or Update a Blood Group',52,'2012-06-21 07:19:33'),(162,'Delete a  Blood Group',52,'2012-06-21 07:19:33'),(163,'View Manage House page.',53,'2012-06-21 07:19:33'),(164,'Save or Update a House',53,'2012-06-21 07:19:33'),(165,'Delete a House',53,'2012-06-25 08:33:47'),(166,'View Manage Method of Travel page.',54,'2012-06-21 07:19:33'),(167,'Save or Update a Method of Travel',54,'2012-06-21 07:19:33'),(168,'Delete a Method of Travel',54,'2012-06-25 08:37:36'),(169,'View Manage Working Segment page.',55,'2012-06-21 07:19:33'),(170,'Save or Update a Working Segment',55,'2012-06-21 07:19:33'),(171,'Delete a  Working Segment',55,'2012-06-21 07:19:33'),(172,'View Manage Calendar',56,'2012-06-21 07:19:33'),(173,'Save/Update Manage Calendar',56,'2012-06-21 07:19:33'),(174,'Delete Manage Calendar',56,'2012-06-21 07:19:33'),(175,'Search Manage Calendar',56,'2012-06-21 07:19:33'),(176,'View Manage Special Events Page',57,'2012-06-21 07:19:33'),(177,'Find participant list for Special Events Page',57,'2012-06-21 07:19:33'),(178,'save/update Special Events Page',57,'2012-06-21 07:19:33'),(179,'delete Special Events Page',57,'2012-06-21 07:19:33'),(180,'View Manage Assignments Page',58,'2012-06-21 07:19:33'),(181,'List Manage Assignments',58,'2012-06-21 07:19:33'),(182,'Save/Update Manage Assignments',58,'2012-06-21 07:19:33'),(183,'Delete Manage Assignments',58,'2012-06-21 07:19:33'),(184,'View School Details',59,'2012-06-21 07:19:33'),(185,'Edit School Details',59,'2012-06-21 07:19:33'),(186,'View Student General Reports Page',60,'2012-06-21 07:19:33'),(187,'View Average Term Mark ClassWise Report',60,'2012-06-21 07:19:33'),(188,'View Class Wise Exam Absentees Report',60,'2012-06-21 07:19:33'),(189,'View Class Wise Student Term Marks Evaluation Report',60,'2012-06-21 07:19:33'),(190,'View Class Wise Students Report',60,'2012-06-21 07:19:33'),(191,'View Student Summary Report',60,'2012-06-21 07:19:33'),(192,'View Class Wise Student Disciplinary Action Report',60,'2012-06-21 07:19:33'),(193,'View Class Wise Student Marks Sheet Report',60,'2012-06-21 07:19:33'),(194,'View Prize List Report',60,'2012-06-21 07:19:33'),(195,'View Exam Results Report',60,'2012-06-21 07:19:33'),(196,'View Student Attendance Report Page',61,'2012-06-21 07:19:33'),(197,'View Student Wise Attendance Report',61,'2012-06-21 07:19:33'),(198,'View Day Class Wise Attendance Report',61,'2012-06-21 07:19:33'),(199,'View Student Late Comers Attendees Report',61,'2012-06-21 07:19:33'),(200,'View Students Attendance On Special Events',61,'2012-06-21 07:19:33'),(201,'View Staff General Report Page',62,'2012-06-21 07:19:33'),(202,'View Customized Staff Related Reports',62,'2012-06-21 07:19:33'),(203,'View Staff Attendance Reports Page',63,'2012-06-21 07:19:33'),(204,'View Staff Wise Attendance Report',63,'2012-06-21 07:19:33'),(205,'View Staff Late Comers Attendees Report',63,'2012-06-21 07:19:33'),(206,'View Per Day Staff Category Wise Attendance Report',63,'2012-06-21 07:19:33'),(207,'View Staff Wise Present and Absent Days Report',63,'2012-06-21 07:19:33'),(208,'View Student Attendance Page',64,'2012-06-21 07:19:33'),(209,'View Student Attendance',64,'2012-06-21 07:19:33'),(210,'Save Student Attendance',64,'2012-06-21 07:19:33'),(211,'View Staff Attendance Page',65,'2012-06-21 07:19:33'),(212,'View Staff Attendance',65,'2012-06-21 07:19:33'),(213,'Save Staff Attendance',65,'2012-06-21 07:19:33'),(214,'View Special Events Attendance Page',66,'2012-06-21 07:19:33'),(215,'View Special Events Attendance',66,'2012-06-21 07:19:33'),(216,'Save Special Events Attendance',66,'2012-06-21 07:19:33'),(217,'View Manage User Roles page',67,'2012-06-21 07:19:33'),(218,'Edit User Role',67,'2012-06-21 07:19:33'),(219,'delete User Role',67,'2012-06-21 07:19:33'),(220,'View Add new User Role page',67,'2012-06-21 07:19:33'),(221,'Save or update user role',68,'2012-06-21 07:19:33'),(222,'search System User',69,'2012-06-21 07:19:33'),(223,'Edit System User',69,'2012-06-21 07:19:33'),(224,'Unlock User',69,'2012-06-21 07:19:33'),(225,'Enable / Disable User',69,'2012-06-21 07:19:33'),(226,'Edit User',69,'2012-06-21 07:19:33'),(227,'Delete System User',69,'2012-06-21 07:19:33'),(228,'View Add new System User page',69,'2012-06-21 07:19:33'),(229,'view System User Details',70,'2012-06-21 07:19:33'),(230,'Save or update System user',70,'2012-06-21 07:19:33'),(231,'Edit Exam Marks',22,'2012-06-21 07:19:33'),(232,'View Class Grade List',71,'2012-06-21 07:19:33'),(233,'View Teacher Allocated Class Grade List',71,'2012-06-21 07:19:33'),(234,'Edit Student mark',21,'2012-06-21 07:19:33'),(235,'View Staff Profile Report',62,'2012-06-21 07:19:33'),(236,'Print Staff Profile Report',2,'2012-06-21 07:19:33'),(237,'Update Student Assignment Marks',23,'2012-06-21 07:19:33'),(238,'View Student mark',21,'2012-06-21 07:19:33'),(239,'View Children',72,'2012-06-21 07:19:33'),(240,'Message To Teacher page',73,'2012-06-21 07:19:33'),(241,'Send Message To Teacher',73,'2012-06-21 07:19:33'),(242,'Link Add Leave',17,'2012-06-21 07:19:33'),(243,'View Class Wise Student Report Card Report',71,'2012-06-21 07:19:33'),(244,'Parent View Student Details',74,'2012-06-21 07:19:33'),(245,'Parent Print Student Summary',74,'2012-06-21 07:19:33'),(246,'Parent View Student Religious Activities',75,'2012-06-21 07:19:33'),(247,'Parent View Student Academic Life',76,'2012-06-21 07:19:33'),(248,'Parent View Co Curricular Details',77,'2012-06-21 07:19:33'),(249,'Parent View Student Disciplines',78,'2012-06-21 07:19:33'),(250,'Parent View Student Leave',79,'2012-06-21 07:19:33'),(251,'Parent View Parent Details',80,'2012-06-21 07:19:33'),(252,'Parent View Attendance Page',81,'2012-06-21 07:19:33'),(253,'Parent Search Attendeance',81,'2012-06-21 07:19:33'),(254,'Change Details Request',80,'2012-06-21 07:19:33');
/*!40000 ALTER TABLE `PRIVILEGE` ENABLE KEYS */;
UNLOCK TABLES;

LOCK TABLES `ROLE_TAB` WRITE;
/*!40000 ALTER TABLE `ROLE_TAB` DISABLE KEYS */;
INSERT INTO `ROLE_TAB`(ROLE_TAB_ID,TAB_ID,USER_ROLE_ID,MODIFIED_TIME) VALUES (1,40,5,'2012-06-27 10:13:18'),(2,42,5,'2012-06-27 10:13:18'),(3,44,5,'2012-06-27 10:13:18'),(4,43,5,'2012-06-27 10:13:18'),(5,45,5,'2012-06-27 10:13:18'),(6,46,5,'2012-06-27 10:13:18'),(7,47,5,'2012-06-27 10:13:18'),(8,48,5,'2012-06-27 10:13:18'),(9,49,5,'2012-06-27 10:13:18'),(10,41,5,'2012-06-27 10:13:18'),(78,10,3,'2012-06-27 10:19:58'),(79,11,3,'2012-06-27 10:19:58'),(80,12,3,'2012-06-27 10:19:58'),(81,13,3,'2012-06-27 10:19:58'),(82,14,3,'2012-06-27 10:19:58'),(83,15,3,'2012-06-27 10:19:58'),(84,16,3,'2012-06-27 10:19:58'),(85,17,3,'2012-06-27 10:19:58'),(86,18,3,'2012-06-27 10:19:58'),(87,19,3,'2012-06-27 10:19:58'),(164,2,4,'2012-06-27 10:31:22'),(165,6,4,'2012-06-27 10:31:22'),(166,7,4,'2012-06-27 10:31:22'),(167,8,4,'2012-06-27 10:31:22'),(168,9,4,'2012-06-27 10:31:22'),(169,1,4,'2012-06-27 10:31:22'),(198,10,2,'2012-06-27 10:39:27'),(199,11,2,'2012-06-27 10:39:27'),(200,12,2,'2012-06-27 10:39:27'),(201,13,2,'2012-06-27 10:39:27'),(202,14,2,'2012-06-27 10:39:27'),(203,15,2,'2012-06-27 10:39:27'),(204,16,2,'2012-06-27 10:39:27'),(205,17,2,'2012-06-27 10:39:27'),(206,18,2,'2012-06-27 10:39:28'),(207,19,2,'2012-06-27 10:39:28'),(208,20,2,'2012-06-27 10:39:28'),(209,21,2,'2012-06-27 10:39:28'),(210,22,2,'2012-06-27 10:39:28'),(211,23,2,'2012-06-27 10:39:28'),(212,24,2,'2012-06-27 10:39:28'),(213,25,2,'2012-06-27 10:39:28'),(214,30,2,'2012-06-27 10:39:28'),(215,34,2,'2012-06-27 10:39:28'),(216,36,2,'2012-06-27 10:39:28'),(217,1,2,'2012-06-27 10:39:28'),(218,2,2,'2012-06-27 10:39:28'),(219,6,2,'2012-06-27 10:39:28'),(220,7,2,'2012-06-27 10:39:28'),(221,8,2,'2012-06-27 10:39:29'),(222,9,2,'2012-06-27 10:39:29'),(223,28,2,'2012-06-27 10:39:29'),(224,29,2,'2012-06-27 10:39:29'),(225,33,2,'2012-06-27 10:39:29'),(226,1,1,'2012-06-27 10:40:13'),(227,2,1,'2012-06-27 10:40:13'),(228,6,1,'2012-06-27 10:40:14'),(229,7,1,'2012-06-27 10:40:14'),(230,8,1,'2012-06-27 10:40:14'),(231,9,1,'2012-06-27 10:40:14'),(232,3,1,'2012-06-27 10:40:14'),(233,4,1,'2012-06-27 10:40:14'),(234,5,1,'2012-06-27 10:40:14'),(235,10,1,'2012-06-27 10:40:14'),(236,11,1,'2012-06-27 10:40:14'),(237,12,1,'2012-06-27 10:40:14'),(238,13,1,'2012-06-27 10:40:14'),(239,14,1,'2012-06-27 10:40:14'),(240,15,1,'2012-06-27 10:40:14'),(241,16,1,'2012-06-27 10:40:14'),(242,17,1,'2012-06-27 10:40:14'),(243,18,1,'2012-06-27 10:40:14'),(244,19,1,'2012-06-27 10:40:14'),(245,20,1,'2012-06-27 10:40:14'),(246,21,1,'2012-06-27 10:40:14'),(247,22,1,'2012-06-27 10:40:14'),(248,23,1,'2012-06-27 10:40:14'),(249,24,1,'2012-06-27 10:40:14'),(250,25,1,'2012-06-27 10:40:14'),(251,26,1,'2012-06-27 10:40:14'),(252,27,1,'2012-06-27 10:40:14'),(253,28,1,'2012-06-27 10:40:14'),(254,29,1,'2012-06-27 10:40:15'),(255,30,1,'2012-06-27 10:40:15'),(256,31,1,'2012-06-27 10:40:15'),(257,32,1,'2012-06-27 10:40:15'),(258,33,1,'2012-06-27 10:40:15'),(259,34,1,'2012-06-27 10:40:15'),(260,35,1,'2012-06-27 10:40:15'),(261,36,1,'2012-06-27 10:40:15'),(262,37,1,'2012-06-27 10:40:15'),(263,38,1,'2012-06-27 10:40:15'),(264,39,1,'2012-06-27 10:40:15');
/*!40000 ALTER TABLE `ROLE_TAB` ENABLE KEYS */;
UNLOCK TABLES;


--
-- Dumping data for table `ROLE_PRIVILEGE`
--

LOCK TABLES `ROLE_PRIVILEGE` WRITE;
/*!40000 ALTER TABLE `ROLE_PRIVILEGE` DISABLE KEYS */;
INSERT INTO `ROLE_PRIVILEGE`(ROLE_PRIVILEGE_ID,USER_ROLE_ID,PRIVILEGE_ID,MODIFIED_TIME) VALUES (1,5,245,'2012-06-27 10:13:18'),(2,5,244,'2012-06-27 10:13:18'),(3,5,247,'2012-06-27 10:13:18'),(4,5,246,'2012-06-27 10:13:18'),(5,5,248,'2012-06-27 10:13:18'),(6,5,249,'2012-06-27 10:13:18'),(7,5,250,'2012-06-27 10:13:18'),(8,5,254,'2012-06-27 10:13:18'),(9,5,251,'2012-06-27 10:13:18'),(10,5,253,'2012-06-27 10:13:18'),(11,5,252,'2012-06-27 10:13:18'),(12,5,241,'2012-06-27 10:13:18'),(13,5,240,'2012-06-27 10:13:18'),(14,5,239,'2012-06-27 10:13:18'),(335,3,32,'2012-06-27 10:19:58'),(336,3,34,'2012-06-27 10:19:58'),(337,3,35,'2012-06-27 10:19:58'),(338,3,38,'2012-06-27 10:19:58'),(339,3,41,'2012-06-27 10:19:58'),(340,3,44,'2012-06-27 10:19:58'),(341,3,47,'2012-06-27 10:19:58'),(342,3,50,'2012-06-27 10:19:58'),(343,3,55,'2012-06-27 10:19:58'),(344,3,54,'2012-06-27 10:19:58'),(345,3,28,'2012-06-27 10:19:58'),(695,4,4,'2012-06-27 10:31:21'),(696,4,236,'2012-06-27 10:31:21'),(697,4,5,'2012-06-27 10:31:21'),(698,4,6,'2012-06-27 10:31:22'),(699,4,8,'2012-06-27 10:31:22'),(700,4,7,'2012-06-27 10:31:22'),(701,4,10,'2012-06-27 10:31:22'),(702,4,9,'2012-06-27 10:31:22'),(703,4,11,'2012-06-27 10:31:22'),(704,4,15,'2012-06-27 10:31:22'),(705,4,13,'2012-06-27 10:31:22'),(706,4,14,'2012-06-27 10:31:22'),(707,4,12,'2012-06-27 10:31:22'),(708,4,3,'2012-06-27 10:31:22'),(709,4,2,'2012-06-27 10:31:22'),(710,4,1,'2012-06-27 10:31:22'),(793,2,4,'2012-06-27 10:39:24'),(794,2,236,'2012-06-27 10:39:24'),(795,2,6,'2012-06-27 10:39:24'),(796,2,9,'2012-06-27 10:39:24'),(797,2,13,'2012-06-27 10:39:24'),(798,2,12,'2012-06-27 10:39:24'),(799,2,14,'2012-06-27 10:39:24'),(800,2,1,'2012-06-27 10:39:24'),(801,2,34,'2012-06-27 10:39:24'),(802,2,33,'2012-06-27 10:39:24'),(803,2,32,'2012-06-27 10:39:24'),(804,2,36,'2012-06-27 10:39:24'),(805,2,37,'2012-06-27 10:39:24'),(806,2,35,'2012-06-27 10:39:24'),(807,2,39,'2012-06-27 10:39:24'),(808,2,38,'2012-06-27 10:39:24'),(809,2,40,'2012-06-27 10:39:24'),(810,2,42,'2012-06-27 10:39:24'),(811,2,41,'2012-06-27 10:39:24'),(812,2,43,'2012-06-27 10:39:25'),(813,2,45,'2012-06-27 10:39:25'),(814,2,46,'2012-06-27 10:39:25'),(815,2,44,'2012-06-27 10:39:25'),(816,2,48,'2012-06-27 10:39:25'),(817,2,47,'2012-06-27 10:39:25'),(818,2,49,'2012-06-27 10:39:25'),(819,2,51,'2012-06-27 10:39:25'),(820,2,50,'2012-06-27 10:39:25'),(821,2,52,'2012-06-27 10:39:25'),(822,2,53,'2012-06-27 10:39:25'),(823,2,55,'2012-06-27 10:39:25'),(824,2,242,'2012-06-27 10:39:25'),(825,2,54,'2012-06-27 10:39:25'),(826,2,56,'2012-06-27 10:39:25'),(827,2,58,'2012-06-27 10:39:25'),(828,2,57,'2012-06-27 10:39:25'),(829,2,29,'2012-06-27 10:39:25'),(830,2,31,'2012-06-27 10:39:25'),(831,2,30,'2012-06-27 10:39:25'),(832,2,28,'2012-06-27 10:39:26'),(833,2,61,'2012-06-27 10:39:26'),(834,2,59,'2012-06-27 10:39:26'),(835,2,60,'2012-06-27 10:39:26'),(836,2,64,'2012-06-27 10:39:26'),(837,2,63,'2012-06-27 10:39:26'),(838,2,62,'2012-06-27 10:39:26'),(839,2,234,'2012-06-27 10:39:26'),(840,2,66,'2012-06-27 10:39:26'),(841,2,67,'2012-06-27 10:39:26'),(842,2,238,'2012-06-27 10:39:26'),(843,2,65,'2012-06-27 10:39:26'),(844,2,70,'2012-06-27 10:39:26'),(845,2,69,'2012-06-27 10:39:26'),(846,2,68,'2012-06-27 10:39:26'),(847,2,231,'2012-06-27 10:39:26'),(848,2,73,'2012-06-27 10:39:26'),(849,2,72,'2012-06-27 10:39:26'),(850,2,237,'2012-06-27 10:39:26'),(851,2,71,'2012-06-27 10:39:26'),(852,2,188,'2012-06-27 10:39:26'),(853,2,189,'2012-06-27 10:39:26'),(854,2,190,'2012-06-27 10:39:26'),(855,2,186,'2012-06-27 10:39:26'),(856,2,195,'2012-06-27 10:39:26'),(857,2,194,'2012-06-27 10:39:27'),(859,2,187,'2012-06-27 10:39:27'),(860,2,191,'2012-06-27 10:39:27'),(861,2,193,'2012-06-27 10:39:27'),(862,2,243,'2012-06-27 10:39:27'),(863,2,233,'2012-06-27 10:39:27'),(864,2,197,'2012-06-27 10:39:27'),(865,2,200,'2012-06-27 10:39:27'),(866,2,199,'2012-06-27 10:39:27'),(867,2,198,'2012-06-27 10:39:27'),(868,2,196,'2012-06-27 10:39:27'),(869,2,209,'2012-06-27 10:39:27'),(870,2,210,'2012-06-27 10:39:27'),(871,2,208,'2012-06-27 10:39:27'),(872,2,215,'2012-06-27 10:39:27'),(873,2,214,'2012-06-27 10:39:27'),(874,2,216,'2012-06-27 10:39:27'),(875,1,5,'2012-06-27 10:40:04'),(876,1,236,'2012-06-27 10:40:04'),(877,1,4,'2012-06-27 10:40:04'),(878,1,8,'2012-06-27 10:40:04'),(879,1,7,'2012-06-27 10:40:04'),(880,1,6,'2012-06-27 10:40:04'),(881,1,11,'2012-06-27 10:40:04'),(882,1,9,'2012-06-27 10:40:04'),(883,1,10,'2012-06-27 10:40:04'),(884,1,14,'2012-06-27 10:40:04'),(885,1,13,'2012-06-27 10:40:04'),(886,1,15,'2012-06-27 10:40:04'),(887,1,12,'2012-06-27 10:40:04'),(888,1,3,'2012-06-27 10:40:04'),(889,1,1,'2012-06-27 10:40:04'),(890,1,2,'2012-06-27 10:40:04'),(891,1,19,'2012-06-27 10:40:04'),(892,1,16,'2012-06-27 10:40:05'),(893,1,17,'2012-06-27 10:40:05'),(894,1,18,'2012-06-27 10:40:05'),(895,1,23,'2012-06-27 10:40:05'),(896,1,22,'2012-06-27 10:40:05'),(897,1,20,'2012-06-27 10:40:05'),(898,1,21,'2012-06-27 10:40:05'),(899,1,27,'2012-06-27 10:40:05'),(900,1,26,'2012-06-27 10:40:05'),(901,1,25,'2012-06-27 10:40:05'),(902,1,24,'2012-06-27 10:40:05'),(903,1,33,'2012-06-27 10:40:05'),(904,1,34,'2012-06-27 10:40:05'),(905,1,32,'2012-06-27 10:40:05'),(906,1,35,'2012-06-27 10:40:05'),(907,1,37,'2012-06-27 10:40:05'),(908,1,36,'2012-06-27 10:40:05'),(909,1,39,'2012-06-27 10:40:05'),(910,1,40,'2012-06-27 10:40:05'),(911,1,38,'2012-06-27 10:40:05'),(912,1,42,'2012-06-27 10:40:05'),(913,1,43,'2012-06-27 10:40:05'),(914,1,41,'2012-06-27 10:40:05'),(915,1,45,'2012-06-27 10:40:05'),(916,1,44,'2012-06-27 10:40:05'),(917,1,46,'2012-06-27 10:40:05'),(918,1,49,'2012-06-27 10:40:05'),(919,1,47,'2012-06-27 10:40:06'),(920,1,48,'2012-06-27 10:40:06'),(921,1,53,'2012-06-27 10:40:06'),(922,1,51,'2012-06-27 10:40:06'),(923,1,50,'2012-06-27 10:40:06'),(924,1,52,'2012-06-27 10:40:06'),(925,1,54,'2012-06-27 10:40:06'),(926,1,242,'2012-06-27 10:40:06'),(927,1,55,'2012-06-27 10:40:06'),(928,1,57,'2012-06-27 10:40:06'),(929,1,58,'2012-06-27 10:40:06'),(930,1,56,'2012-06-27 10:40:06'),(931,1,28,'2012-06-27 10:40:06'),(932,1,30,'2012-06-27 10:40:06'),(933,1,31,'2012-06-27 10:40:06'),(934,1,29,'2012-06-27 10:40:06'),(935,1,59,'2012-06-27 10:40:06'),(936,1,60,'2012-06-27 10:40:06'),(937,1,61,'2012-06-27 10:40:06'),(938,1,64,'2012-06-27 10:40:06'),(939,1,63,'2012-06-27 10:40:06'),(940,1,62,'2012-06-27 10:40:06'),(941,1,67,'2012-06-27 10:40:06'),(942,1,66,'2012-06-27 10:40:06'),(943,1,234,'2012-06-27 10:40:06'),(944,1,238,'2012-06-27 10:40:06'),(945,1,65,'2012-06-27 10:40:06'),(946,1,231,'2012-06-27 10:40:06'),(947,1,70,'2012-06-27 10:40:06'),(948,1,68,'2012-06-27 10:40:07'),(949,1,69,'2012-06-27 10:40:07'),(950,1,72,'2012-06-27 10:40:07'),(951,1,71,'2012-06-27 10:40:07'),(952,1,237,'2012-06-27 10:40:07'),(953,1,73,'2012-06-27 10:40:07'),(954,1,74,'2012-06-27 10:40:07'),(955,1,76,'2012-06-27 10:40:07'),(956,1,77,'2012-06-27 10:40:07'),(957,1,78,'2012-06-27 10:40:07'),(958,1,75,'2012-06-27 10:40:07'),(959,1,80,'2012-06-27 10:40:07'),(960,1,82,'2012-06-27 10:40:07'),(961,1,79,'2012-06-27 10:40:07'),(962,1,81,'2012-06-27 10:40:07'),(963,1,84,'2012-06-27 10:40:07'),(964,1,83,'2012-06-27 10:40:07'),(965,1,85,'2012-06-27 10:40:07'),(966,1,88,'2012-06-27 10:40:07'),(967,1,86,'2012-06-27 10:40:07'),(968,1,87,'2012-06-27 10:40:07'),(969,1,90,'2012-06-27 10:40:07'),(970,1,91,'2012-06-27 10:40:07'),(971,1,89,'2012-06-27 10:40:07'),(972,1,94,'2012-06-27 10:40:07'),(973,1,93,'2012-06-27 10:40:07'),(974,1,92,'2012-06-27 10:40:07'),(975,1,97,'2012-06-27 10:40:08'),(976,1,96,'2012-06-27 10:40:08'),(977,1,95,'2012-06-27 10:40:08'),(978,1,99,'2012-06-27 10:40:08'),(979,1,98,'2012-06-27 10:40:08'),(980,1,100,'2012-06-27 10:40:08'),(981,1,102,'2012-06-27 10:40:08'),(982,1,103,'2012-06-27 10:40:08'),(983,1,101,'2012-06-27 10:40:08'),(984,1,107,'2012-06-27 10:40:08'),(985,1,104,'2012-06-27 10:40:08'),(986,1,106,'2012-06-27 10:40:08'),(987,1,105,'2012-06-27 10:40:08'),(988,1,111,'2012-06-27 10:40:08'),(989,1,109,'2012-06-27 10:40:08'),(990,1,110,'2012-06-27 10:40:08'),(991,1,108,'2012-06-27 10:40:08'),(992,1,113,'2012-06-27 10:40:08'),(993,1,112,'2012-06-27 10:40:08'),(994,1,115,'2012-06-27 10:40:09'),(995,1,114,'2012-06-27 10:40:09'),(996,1,118,'2012-06-27 10:40:09'),(997,1,117,'2012-06-27 10:40:09'),(998,1,116,'2012-06-27 10:40:09'),(999,1,119,'2012-06-27 10:40:09'),(1000,1,121,'2012-06-27 10:40:09'),(1001,1,120,'2012-06-27 10:40:09'),(1002,1,122,'2012-06-27 10:40:09'),(1003,1,123,'2012-06-27 10:40:09'),(1004,1,124,'2012-06-27 10:40:09'),(1005,1,126,'2012-06-27 10:40:09'),(1006,1,125,'2012-06-27 10:40:09'),(1007,1,128,'2012-06-27 10:40:09'),(1008,1,127,'2012-06-27 10:40:09'),(1009,1,129,'2012-06-27 10:40:09'),(1010,1,130,'2012-06-27 10:40:09'),(1011,1,131,'2012-06-27 10:40:09'),(1012,1,132,'2012-06-27 10:40:09'),(1013,1,135,'2012-06-27 10:40:09'),(1014,1,133,'2012-06-27 10:40:09'),(1015,1,134,'2012-06-27 10:40:09'),(1016,1,136,'2012-06-27 10:40:09'),(1017,1,138,'2012-06-27 10:40:09'),(1018,1,137,'2012-06-27 10:40:09'),(1019,1,139,'2012-06-27 10:40:09'),(1020,1,140,'2012-06-27 10:40:09'),(1021,1,141,'2012-06-27 10:40:09'),(1022,1,142,'2012-06-27 10:40:09'),(1023,1,143,'2012-06-27 10:40:09'),(1024,1,144,'2012-06-27 10:40:10'),(1025,1,147,'2012-06-27 10:40:10'),(1026,1,145,'2012-06-27 10:40:10'),(1027,1,146,'2012-06-27 10:40:10'),(1028,1,150,'2012-06-27 10:40:10'),(1029,1,148,'2012-06-27 10:40:10'),(1030,1,149,'2012-06-27 10:40:10'),(1031,1,151,'2012-06-27 10:40:10'),(1032,1,153,'2012-06-27 10:40:10'),(1033,1,152,'2012-06-27 10:40:10'),(1034,1,156,'2012-06-27 10:40:10'),(1035,1,155,'2012-06-27 10:40:10'),(1036,1,154,'2012-06-27 10:40:10'),(1037,1,159,'2012-06-27 10:40:10'),(1038,1,158,'2012-06-27 10:40:10'),(1039,1,157,'2012-06-27 10:40:10'),(1040,1,162,'2012-06-27 10:40:10'),(1041,1,160,'2012-06-27 10:40:10'),(1042,1,161,'2012-06-27 10:40:10'),(1043,1,165,'2012-06-27 10:40:10'),(1044,1,164,'2012-06-27 10:40:10'),(1045,1,163,'2012-06-27 10:40:10'),(1046,1,167,'2012-06-27 10:40:10'),(1047,1,166,'2012-06-27 10:40:10'),(1048,1,168,'2012-06-27 10:40:10'),(1049,1,171,'2012-06-27 10:40:10'),(1050,1,170,'2012-06-27 10:40:10'),(1051,1,169,'2012-06-27 10:40:10'),(1052,1,172,'2012-06-27 10:40:10'),(1053,1,175,'2012-06-27 10:40:11'),(1054,1,174,'2012-06-27 10:40:11'),(1055,1,173,'2012-06-27 10:40:11'),(1056,1,178,'2012-06-27 10:40:11'),(1057,1,176,'2012-06-27 10:40:11'),(1058,1,179,'2012-06-27 10:40:11'),(1059,1,177,'2012-06-27 10:40:11'),(1060,1,183,'2012-06-27 10:40:11'),(1061,1,181,'2012-06-27 10:40:11'),(1062,1,182,'2012-06-27 10:40:11'),(1063,1,180,'2012-06-27 10:40:11'),(1064,1,185,'2012-06-27 10:40:11'),(1065,1,184,'2012-06-27 10:40:11'),(1066,1,194,'2012-06-27 10:40:11'),(1067,1,193,'2012-06-27 10:40:11'),(1068,1,192,'2012-06-27 10:40:11'),(1069,1,189,'2012-06-27 10:40:11'),(1070,1,195,'2012-06-27 10:40:11'),(1071,1,191,'2012-06-27 10:40:11'),(1072,1,187,'2012-06-27 10:40:11'),(1073,1,186,'2012-06-27 10:40:11'),(1074,1,188,'2012-06-27 10:40:11'),(1075,1,190,'2012-06-27 10:40:11'),(1076,1,233,'2012-06-27 10:40:11'),(1077,1,232,'2012-06-27 10:40:11'),(1078,1,243,'2012-06-27 10:40:11'),(1079,1,199,'2012-06-27 10:40:11'),(1080,1,197,'2012-06-27 10:40:11'),(1081,1,198,'2012-06-27 10:40:11'),(1082,1,196,'2012-06-27 10:40:11'),(1083,1,200,'2012-06-27 10:40:12'),(1084,1,235,'2012-06-27 10:40:12'),(1085,1,201,'2012-06-27 10:40:12'),(1086,1,202,'2012-06-27 10:40:12'),(1087,1,207,'2012-06-27 10:40:12'),(1088,1,205,'2012-06-27 10:40:12'),(1089,1,206,'2012-06-27 10:40:12'),(1090,1,204,'2012-06-27 10:40:12'),(1091,1,203,'2012-06-27 10:40:12'),(1092,1,209,'2012-06-27 10:40:12'),(1093,1,208,'2012-06-27 10:40:12'),(1094,1,210,'2012-06-27 10:40:12'),(1095,1,213,'2012-06-27 10:40:12'),(1096,1,212,'2012-06-27 10:40:12'),(1097,1,211,'2012-06-27 10:40:12'),(1098,1,216,'2012-06-27 10:40:12'),(1099,1,215,'2012-06-27 10:40:12'),(1100,1,214,'2012-06-27 10:40:12'),(1101,1,218,'2012-06-27 10:40:12'),(1102,1,217,'2012-06-27 10:40:12'),(1103,1,219,'2012-06-27 10:40:12'),(1104,1,220,'2012-06-27 10:40:12'),(1105,1,221,'2012-06-27 10:40:12'),(1106,1,222,'2012-06-27 10:40:12'),(1107,1,224,'2012-06-27 10:40:12'),(1108,1,228,'2012-06-27 10:40:12'),(1109,1,223,'2012-06-27 10:40:12'),(1110,1,227,'2012-06-27 10:40:12'),(1111,1,226,'2012-06-27 10:40:12'),(1112,1,225,'2012-06-27 10:40:12'),(1113,1,230,'2012-06-27 10:40:13'),(1114,1,229,'2012-06-27 10:40:13');
/*!40000 ALTER TABLE `ROLE_PRIVILEGE` ENABLE KEYS */;
UNLOCK TABLES;

